FIPS_STATE,INSURANCE,RACECAT,prev_cnt,mort_cnt,YEAR
1.0,1.0,1.0,64109.0,12521.0,2020
1.0,1.0,2.0,12931.0,2555.0,2020
1.0,1.0,3.0,175.0,29.0,2020
1.0,1.0,4.0,265.0,35.0,2020
1.0,1.0,5.0,489.0,81.0,2020
2.0,1.0,1.0,6465.0,1023.0,2020
4.0,1.0,0.0,572.0,47.0,2020
4.0,1.0,1.0,62745.0,10993.0,2020
4.0,1.0,2.0,1764.0,304.0,2020
4.0,1.0,3.0,542.0,71.0,2020
4.0,1.0,4.0,908.0,137.0,2020
4.0,1.0,5.0,5430.0,870.0,2020
4.0,1.0,6.0,3093.0,688.0,2020
5.0,1.0,1.0,56562.0,10300.0,2020
5.0,1.0,2.0,5399.0,1088.0,2020
5.0,1.0,4.0,242.0,42.0,2020
5.0,1.0,5.0,598.0,89.0,2020
5.0,1.0,6.0,222.0,42.0,2020
6.0,1.0,0.0,5130.0,349.0,2020
6.0,1.0,1.0,246438.0,42239.0,2020
6.0,1.0,2.0,22194.0,4215.0,2020
6.0,1.0,3.0,6412.0,1039.0,2020
6.0,1.0,4.0,49905.0,7690.0,2020
6.0,1.0,5.0,60989.0,10240.0,2020
6.0,1.0,6.0,1560.0,293.0,2020
8.0,1.0,0.0,545.0,39.0,2020
8.0,1.0,1.0,44926.0,7880.0,2020
8.0,1.0,2.0,1617.0,302.0,2020
8.0,1.0,3.0,367.0,56.0,2020
8.0,1.0,4.0,676.0,94.0,2020
8.0,1.0,5.0,4440.0,774.0,2020
8.0,1.0,6.0,166.0,22.0,2020
9.0,1.0,0.0,556.0,59.0,2020
9.0,1.0,1.0,44107.0,9377.0,2020
9.0,1.0,3.0,366.0,66.0,2020
9.0,1.0,4.0,656.0,119.0,2020
9.0,1.0,5.0,2980.0,487.0,2020
10.0,1.0,1.0,14568.0,2763.0,2020
10.0,1.0,5.0,373.0,54.0,2020
11.0,1.0,1.0,2927.0,528.0,2020
11.0,1.0,2.0,6562.0,1340.0,2020
11.0,1.0,5.0,320.0,49.0,2020
12.0,1.0,0.0,2845.0,242.0,2020
12.0,1.0,1.0,282203.0,49216.0,2020
12.0,1.0,2.0,26801.0,5315.0,2020
12.0,1.0,3.0,2174.0,320.0,2020
12.0,1.0,4.0,3476.0,535.0,2020
12.0,1.0,5.0,39111.0,6723.0,2020
12.0,1.0,6.0,271.0,41.0,2020
13.0,1.0,1.0,95106.0,18146.0,2020
13.0,1.0,2.0,24024.0,4747.0,2020
13.0,1.0,3.0,563.0,82.0,2020
13.0,1.0,4.0,1263.0,163.0,2020
13.0,1.0,5.0,2021.0,298.0,2020
15.0,1.0,1.0,4028.0,583.0,2020
15.0,1.0,3.0,1723.0,217.0,2020
15.0,1.0,4.0,8479.0,1218.0,2020
15.0,1.0,5.0,704.0,99.0,2020
16.0,1.0,1.0,21393.0,3825.0,2020
16.0,1.0,4.0,150.0,34.0,2020
16.0,1.0,5.0,695.0,93.0,2020
17.0,1.0,1.0,148330.0,31016.0,2020
17.0,1.0,2.0,21919.0,4410.0,2020
17.0,1.0,3.0,1171.0,182.0,2020
17.0,1.0,4.0,3572.0,590.0,2020
17.0,1.0,5.0,9355.0,1570.0,2020
18.0,1.0,1.0,93695.0,19460.0,2020
18.0,1.0,3.0,366.0,68.0,2020
18.0,1.0,4.0,547.0,101.0,2020
18.0,1.0,5.0,1503.0,257.0,2020
19.0,1.0,1.0,51823.0,10961.0,2020
19.0,1.0,2.0,669.0,124.0,2020
19.0,1.0,3.0,183.0,35.0,2020
19.0,1.0,4.0,237.0,46.0,2020
19.0,1.0,5.0,465.0,76.0,2020
20.0,1.0,0.0,323.0,24.0,2020
20.0,1.0,1.0,47700.0,9683.0,2020
20.0,1.0,2.0,1841.0,390.0,2020
20.0,1.0,3.0,222.0,39.0,2020
20.0,1.0,4.0,344.0,48.0,2020
20.0,1.0,5.0,1314.0,231.0,2020
20.0,1.0,6.0,280.0,62.0,2020
21.0,1.0,0.0,279.0,36.0,2020
21.0,1.0,1.0,63277.0,13086.0,2020
21.0,1.0,3.0,178.0,31.0,2020
21.0,1.0,4.0,187.0,25.0,2020
21.0,1.0,5.0,362.0,59.0,2020
22.0,1.0,1.0,51722.0,10251.0,2020
22.0,1.0,3.0,241.0,43.0,2020
22.0,1.0,4.0,415.0,61.0,2020
22.0,1.0,5.0,1316.0,266.0,2020
23.0,1.0,0.0,173.0,15.0,2020
23.0,1.0,1.0,22391.0,4250.0,2020
24.0,1.0,0.0,1218.0,127.0,2020
24.0,1.0,1.0,78503.0,14806.0,2020
24.0,1.0,3.0,952.0,126.0,2020
24.0,1.0,4.0,3999.0,490.0,2020
24.0,1.0,5.0,2706.0,343.0,2020
25.0,1.0,1.0,99397.0,19899.0,2020
25.0,1.0,3.0,1076.0,170.0,2020
25.0,1.0,4.0,1765.0,277.0,2020
25.0,1.0,5.0,4996.0,649.0,2020
26.0,1.0,0.0,1493.0,185.0,2020
26.0,1.0,1.0,117424.0,23684.0,2020
26.0,1.0,2.0,19090.0,3944.0,2020
26.0,1.0,3.0,920.0,154.0,2020
26.0,1.0,4.0,1706.0,302.0,2020
26.0,1.0,5.0,2459.0,391.0,2020
26.0,1.0,6.0,521.0,110.0,2020
27.0,1.0,0.0,592.0,57.0,2020
27.0,1.0,1.0,56100.0,10552.0,2020
27.0,1.0,2.0,1646.0,208.0,2020
27.0,1.0,3.0,316.0,46.0,2020
27.0,1.0,4.0,568.0,75.0,2020
27.0,1.0,5.0,614.0,90.0,2020
27.0,1.0,6.0,622.0,120.0,2020
28.0,1.0,1.0,53486.0,9900.0,2020
28.0,1.0,2.0,18123.0,3690.0,2020
28.0,1.0,5.0,398.0,81.0,2020
29.0,1.0,0.0,511.0,51.0,2020
29.0,1.0,1.0,85199.0,17466.0,2020
29.0,1.0,2.0,7386.0,1624.0,2020
29.0,1.0,3.0,299.0,41.0,2020
29.0,1.0,4.0,553.0,94.0,2020
29.0,1.0,5.0,901.0,164.0,2020
29.0,1.0,6.0,172.0,35.0,2020
30.0,1.0,1.0,15896.0,3176.0,2020
30.0,1.0,5.0,178.0,31.0,2020
30.0,1.0,6.0,706.0,144.0,2020
31.0,1.0,1.0,32804.0,6098.0,2020
31.0,1.0,2.0,693.0,149.0,2020
31.0,1.0,5.0,602.0,105.0,2020
32.0,1.0,0.0,278.0,24.0,2020
32.0,1.0,1.0,24879.0,4623.0,2020
32.0,1.0,2.0,2831.0,471.0,2020
32.0,1.0,3.0,473.0,70.0,2020
32.0,1.0,4.0,1816.0,313.0,2020
32.0,1.0,5.0,3384.0,559.0,2020
32.0,1.0,6.0,265.0,62.0,2020
33.0,1.0,1.0,24516.0,4712.0,2020
33.0,1.0,5.0,224.0,25.0,2020
34.0,1.0,1.0,113485.0,22731.0,2020
34.0,1.0,2.0,13416.0,2919.0,2020
34.0,1.0,3.0,1383.0,203.0,2020
34.0,1.0,4.0,5336.0,847.0,2020
34.0,1.0,5.0,11910.0,2082.0,2020
35.0,1.0,1.0,16455.0,3029.0,2020
35.0,1.0,2.0,406.0,69.0,2020
35.0,1.0,3.0,121.0,15.0,2020
35.0,1.0,4.0,155.0,31.0,2020
35.0,1.0,5.0,6871.0,1326.0,2020
36.0,1.0,0.0,4323.0,418.0,2020
36.0,1.0,1.0,200769.0,38929.0,2020
36.0,1.0,2.0,29595.0,6333.0,2020
36.0,1.0,3.0,3910.0,612.0,2020
36.0,1.0,4.0,11105.0,1808.0,2020
36.0,1.0,5.0,21297.0,3948.0,2020
36.0,1.0,6.0,380.0,85.0,2020
37.0,1.0,0.0,809.0,80.0,2020
37.0,1.0,1.0,113070.0,22105.0,2020
37.0,1.0,2.0,25418.0,4954.0,2020
37.0,1.0,3.0,855.0,153.0,2020
37.0,1.0,4.0,1143.0,180.0,2020
37.0,1.0,5.0,2027.0,302.0,2020
37.0,1.0,6.0,866.0,137.0,2020
38.0,1.0,1.0,11094.0,2443.0,2020
39.0,1.0,1.0,134261.0,28195.0,2020
39.0,1.0,3.0,693.0,116.0,2020
39.0,1.0,4.0,1029.0,166.0,2020
39.0,1.0,5.0,1541.0,261.0,2020
40.0,1.0,1.0,55155.0,11279.0,2020
40.0,1.0,2.0,3446.0,710.0,2020
40.0,1.0,4.0,393.0,69.0,2020
40.0,1.0,5.0,1215.0,205.0,2020
40.0,1.0,6.0,5087.0,1082.0,2020
41.0,1.0,0.0,392.0,32.0,2020
41.0,1.0,1.0,41553.0,7056.0,2020
41.0,1.0,2.0,516.0,82.0,2020
41.0,1.0,3.0,283.0,50.0,2020
41.0,1.0,4.0,750.0,117.0,2020
41.0,1.0,5.0,1344.0,185.0,2020
41.0,1.0,6.0,513.0,82.0,2020
42.0,1.0,1.0,159535.0,32226.0,2020
42.0,1.0,2.0,12919.0,2783.0,2020
42.0,1.0,3.0,871.0,143.0,2020
42.0,1.0,4.0,2416.0,404.0,2020
42.0,1.0,5.0,3850.0,611.0,2020
44.0,1.0,0.0,152.0,18.0,2020
44.0,1.0,1.0,11592.0,2227.0,2020
44.0,1.0,3.0,94.0,19.0,2020
44.0,1.0,4.0,114.0,20.0,2020
44.0,1.0,5.0,545.0,67.0,2020
45.0,1.0,1.0,68006.0,13030.0,2020
45.0,1.0,3.0,303.0,43.0,2020
45.0,1.0,4.0,341.0,48.0,2020
45.0,1.0,5.0,721.0,114.0,2020
46.0,1.0,1.0,11903.0,2508.0,2020
47.0,1.0,1.0,87924.0,17444.0,2020
47.0,1.0,3.0,273.0,38.0,2020
47.0,1.0,4.0,469.0,81.0,2020
47.0,1.0,5.0,700.0,108.0,2020
48.0,1.0,0.0,1667.0,153.0,2020
48.0,1.0,1.0,235786.0,43856.0,2020
48.0,1.0,2.0,31365.0,5950.0,2020
48.0,1.0,3.0,1607.0,205.0,2020
48.0,1.0,4.0,7368.0,1004.0,2020
48.0,1.0,5.0,56231.0,10656.0,2020
48.0,1.0,6.0,611.0,125.0,2020
49.0,1.0,1.0,23306.0,4438.0,2020
49.0,1.0,3.0,133.0,22.0,2020
49.0,1.0,4.0,307.0,41.0,2020
49.0,1.0,5.0,983.0,174.0,2020
50.0,1.0,1.0,12257.0,2141.0,2020
51.0,1.0,1.0,103872.0,19943.0,2020
51.0,1.0,2.0,20490.0,3955.0,2020
51.0,1.0,3.0,1027.0,142.0,2020
51.0,1.0,4.0,3653.0,486.0,2020
51.0,1.0,5.0,2360.0,336.0,2020
53.0,1.0,0.0,903.0,95.0,2020
53.0,1.0,1.0,76350.0,13491.0,2020
53.0,1.0,2.0,1889.0,318.0,2020
53.0,1.0,3.0,833.0,125.0,2020
53.0,1.0,4.0,3472.0,565.0,2020
53.0,1.0,5.0,2750.0,431.0,2020
53.0,1.0,6.0,935.0,194.0,2020
54.0,1.0,1.0,31001.0,6033.0,2020
54.0,1.0,2.0,818.0,161.0,2020
54.0,1.0,5.0,139.0,27.0,2020
55.0,1.0,0.0,672.0,54.0,2020
55.0,1.0,1.0,62056.0,12653.0,2020
55.0,1.0,2.0,2649.0,502.0,2020
55.0,1.0,3.0,269.0,50.0,2020
55.0,1.0,4.0,650.0,107.0,2020
55.0,1.0,5.0,1351.0,221.0,2020
55.0,1.0,6.0,600.0,125.0,2020
56.0,1.0,1.0,8955.0,1697.0,2020
72.0,1.0,1.0,147.0,15.0,2020
72.0,1.0,5.0,10610.0,1586.0,2020
1.0,2.0,1.0,49206.0,7647.0,2020
1.0,2.0,2.0,21944.0,3046.0,2020
1.0,2.0,3.0,174.0,24.0,2020
1.0,2.0,4.0,237.0,18.0,2020
1.0,2.0,5.0,434.0,39.0,2020
2.0,2.0,1.0,289.0,58.0,2020
4.0,2.0,0.0,431.0,33.0,2020
4.0,2.0,1.0,61322.0,10271.0,2020
4.0,2.0,2.0,3640.0,476.0,2020
4.0,2.0,3.0,484.0,51.0,2020
4.0,2.0,4.0,1371.0,185.0,2020
4.0,2.0,5.0,15594.0,2213.0,2020
4.0,2.0,6.0,541.0,76.0,2020
5.0,2.0,1.0,23101.0,3015.0,2020
5.0,2.0,2.0,5468.0,708.0,2020
5.0,2.0,4.0,114.0,13.0,2020
5.0,2.0,5.0,493.0,51.0,2020
5.0,2.0,6.0,130.0,13.0,2020
6.0,2.0,0.0,1639.0,138.0,2020
6.0,2.0,1.0,196365.0,33068.0,2020
6.0,2.0,2.0,26843.0,4120.0,2020
6.0,2.0,3.0,6208.0,767.0,2020
6.0,2.0,4.0,41616.0,4711.0,2020
6.0,2.0,5.0,91577.0,11328.0,2020
6.0,2.0,6.0,767.0,109.0,2020
8.0,2.0,0.0,390.0,26.0,2020
8.0,2.0,1.0,44540.0,7461.0,2020
8.0,2.0,2.0,2393.0,327.0,2020
8.0,2.0,3.0,317.0,40.0,2020
8.0,2.0,4.0,870.0,114.0,2020
8.0,2.0,5.0,7340.0,1020.0,2020
8.0,2.0,6.0,126.0,13.0,2020
9.0,2.0,0.0,476.0,34.0,2020
9.0,2.0,1.0,32342.0,6087.0,2020
9.0,2.0,3.0,313.0,47.0,2020
9.0,2.0,4.0,463.0,58.0,2020
9.0,2.0,5.0,3701.0,421.0,2020
10.0,2.0,1.0,3248.0,596.0,2020
10.0,2.0,5.0,208.0,28.0,2020
11.0,2.0,1.0,356.0,51.0,2020
11.0,2.0,2.0,2561.0,378.0,2020
11.0,2.0,5.0,121.0,13.0,2020
12.0,2.0,0.0,2272.0,179.0,2020
12.0,2.0,1.0,195776.0,26410.0,2020
12.0,2.0,2.0,45909.0,5445.0,2020
12.0,2.0,3.0,2431.0,253.0,2020
12.0,2.0,4.0,4448.0,396.0,2020
12.0,2.0,5.0,111361.0,9132.0,2020
12.0,2.0,6.0,227.0,21.0,2020
13.0,2.0,1.0,62617.0,9449.0,2020
13.0,2.0,2.0,40784.0,5233.0,2020
13.0,2.0,3.0,485.0,63.0,2020
13.0,2.0,4.0,2394.0,134.0,2020
13.0,2.0,5.0,2275.0,215.0,2020
15.0,2.0,1.0,4713.0,583.0,2020
15.0,2.0,3.0,2191.0,302.0,2020
15.0,2.0,4.0,12293.0,1644.0,2020
15.0,2.0,5.0,1449.0,169.0,2020
16.0,2.0,1.0,14691.0,2195.0,2020
16.0,2.0,4.0,125.0,28.0,2020
16.0,2.0,5.0,639.0,74.0,2020
17.0,2.0,1.0,64164.0,11408.0,2020
17.0,2.0,2.0,22039.0,3216.0,2020
17.0,2.0,3.0,749.0,80.0,2020
17.0,2.0,4.0,2311.0,241.0,2020
17.0,2.0,5.0,9434.0,1027.0,2020
18.0,2.0,1.0,57638.0,9372.0,2020
18.0,2.0,3.0,232.0,35.0,2020
18.0,2.0,4.0,321.0,41.0,2020
18.0,2.0,5.0,1572.0,202.0,2020
19.0,2.0,1.0,20243.0,3364.0,2020
19.0,2.0,2.0,773.0,88.0,2020
19.0,2.0,3.0,73.0,11.0,2020
19.0,2.0,4.0,245.0,22.0,2020
19.0,2.0,5.0,364.0,36.0,2020
20.0,2.0,0.0,71.0,13.0,2020
20.0,2.0,1.0,14449.0,2348.0,2020
20.0,2.0,2.0,1936.0,276.0,2020
20.0,2.0,3.0,75.0,12.0,2020
20.0,2.0,4.0,240.0,22.0,2020
20.0,2.0,5.0,760.0,102.0,2020
20.0,2.0,6.0,106.0,16.0,2020
21.0,2.0,0.0,217.0,21.0,2020
21.0,2.0,1.0,43357.0,6373.0,2020
21.0,2.0,3.0,122.0,11.0,2020
21.0,2.0,4.0,177.0,20.0,2020
21.0,2.0,5.0,348.0,34.0,2020
22.0,2.0,1.0,33407.0,4954.0,2020
22.0,2.0,3.0,193.0,32.0,2020
22.0,2.0,4.0,398.0,41.0,2020
22.0,2.0,5.0,1720.0,247.0,2020
23.0,2.0,0.0,172.0,12.0,2020
23.0,2.0,1.0,13929.0,1889.0,2020
24.0,2.0,0.0,156.0,17.0,2020
24.0,2.0,1.0,11823.0,2450.0,2020
24.0,2.0,3.0,164.0,30.0,2020
24.0,2.0,4.0,689.0,98.0,2020
24.0,2.0,5.0,624.0,76.0,2020
25.0,2.0,1.0,40281.0,7267.0,2020
25.0,2.0,3.0,688.0,109.0,2020
25.0,2.0,4.0,3151.0,328.0,2020
25.0,2.0,5.0,6951.0,681.0,2020
26.0,2.0,0.0,1065.0,88.0,2020
26.0,2.0,1.0,108355.0,18886.0,2020
26.0,2.0,2.0,20981.0,3491.0,2020
26.0,2.0,3.0,694.0,101.0,2020
26.0,2.0,4.0,961.0,121.0,2020
26.0,2.0,5.0,2448.0,323.0,2020
26.0,2.0,6.0,257.0,41.0,2020
27.0,2.0,0.0,551.0,56.0,2020
27.0,2.0,1.0,57415.0,11058.0,2020
27.0,2.0,2.0,1894.0,241.0,2020
27.0,2.0,3.0,352.0,49.0,2020
27.0,2.0,4.0,1289.0,184.0,2020
27.0,2.0,5.0,706.0,96.0,2020
27.0,2.0,6.0,308.0,57.0,2020
28.0,2.0,1.0,11570.0,1620.0,2020
28.0,2.0,2.0,9758.0,1168.0,2020
28.0,2.0,5.0,176.0,21.0,2020
29.0,2.0,0.0,296.0,28.0,2020
29.0,2.0,1.0,62389.0,9833.0,2020
29.0,2.0,2.0,9504.0,1330.0,2020
29.0,2.0,3.0,213.0,26.0,2020
29.0,2.0,4.0,380.0,33.0,2020
29.0,2.0,5.0,960.0,109.0,2020
29.0,2.0,6.0,136.0,15.0,2020
30.0,2.0,1.0,5829.0,804.0,2020
30.0,2.0,5.0,95.0,12.0,2020
30.0,2.0,6.0,124.0,22.0,2020
31.0,2.0,1.0,9652.0,1575.0,2020
31.0,2.0,2.0,799.0,107.0,2020
31.0,2.0,5.0,346.0,45.0,2020
32.0,2.0,0.0,160.0,12.0,2020
32.0,2.0,1.0,19511.0,3214.0,2020
32.0,2.0,2.0,2966.0,405.0,2020
32.0,2.0,3.0,433.0,60.0,2020
32.0,2.0,4.0,1580.0,216.0,2020
32.0,2.0,5.0,3241.0,421.0,2020
32.0,2.0,6.0,79.0,15.0,2020
33.0,2.0,1.0,7490.0,1169.0,2020
33.0,2.0,5.0,139.0,19.0,2020
34.0,2.0,1.0,47101.0,8332.0,2020
34.0,2.0,2.0,13177.0,2020.0,2020
34.0,2.0,3.0,751.0,93.0,2020
34.0,2.0,4.0,2553.0,287.0,2020
34.0,2.0,5.0,14633.0,1394.0,2020
35.0,2.0,1.0,11986.0,1731.0,2020
35.0,2.0,2.0,349.0,56.0,2020
35.0,2.0,3.0,101.0,15.0,2020
35.0,2.0,4.0,170.0,16.0,2020
35.0,2.0,5.0,8630.0,1107.0,2020
36.0,2.0,0.0,2929.0,239.0,2020
36.0,2.0,1.0,131661.0,23343.0,2020
36.0,2.0,2.0,38646.0,6025.0,2020
36.0,2.0,3.0,3199.0,388.0,2020
36.0,2.0,4.0,19383.0,1692.0,2020
36.0,2.0,5.0,44807.0,5130.0,2020
36.0,2.0,6.0,470.0,51.0,2020
37.0,2.0,0.0,479.0,30.0,2020
37.0,2.0,1.0,77460.0,12610.0,2020
37.0,2.0,2.0,27390.0,3898.0,2020
37.0,2.0,3.0,734.0,90.0,2020
37.0,2.0,4.0,711.0,90.0,2020
37.0,2.0,5.0,1794.0,189.0,2020
37.0,2.0,6.0,571.0,80.0,2020
38.0,2.0,1.0,3451.0,702.0,2020
39.0,2.0,1.0,135781.0,24766.0,2020
39.0,2.0,3.0,680.0,103.0,2020
39.0,2.0,4.0,1209.0,170.0,2020
39.0,2.0,5.0,2550.0,285.0,2020
40.0,2.0,1.0,21532.0,3342.0,2020
40.0,2.0,2.0,2525.0,298.0,2020
40.0,2.0,4.0,237.0,35.0,2020
40.0,2.0,5.0,648.0,72.0,2020
40.0,2.0,6.0,1398.0,188.0,2020
41.0,2.0,0.0,504.0,46.0,2020
41.0,2.0,1.0,51708.0,7772.0,2020
41.0,2.0,2.0,1141.0,126.0,2020
41.0,2.0,3.0,465.0,47.0,2020
41.0,2.0,4.0,1834.0,198.0,2020
41.0,2.0,5.0,1686.0,189.0,2020
41.0,2.0,6.0,290.0,47.0,2020
42.0,2.0,1.0,153627.0,29066.0,2020
42.0,2.0,2.0,19974.0,3392.0,2020
42.0,2.0,3.0,771.0,105.0,2020
42.0,2.0,4.0,2000.0,248.0,2020
42.0,2.0,5.0,6330.0,753.0,2020
44.0,2.0,0.0,129.0,16.0,2020
44.0,2.0,1.0,13479.0,2663.0,2020
44.0,2.0,3.0,183.0,28.0,2020
44.0,2.0,4.0,152.0,23.0,2020
44.0,2.0,5.0,1396.0,178.0,2020
45.0,2.0,1.0,31366.0,4909.0,2020
45.0,2.0,3.0,139.0,21.0,2020
45.0,2.0,4.0,246.0,25.0,2020
45.0,2.0,5.0,753.0,73.0,2020
46.0,2.0,1.0,5372.0,1042.0,2020
47.0,2.0,1.0,72336.0,11241.0,2020
47.0,2.0,3.0,236.0,28.0,2020
47.0,2.0,4.0,452.0,48.0,2020
47.0,2.0,5.0,855.0,82.0,2020
48.0,2.0,0.0,1092.0,94.0,2020
48.0,2.0,1.0,151602.0,22543.0,2020
48.0,2.0,2.0,42324.0,5456.0,2020
48.0,2.0,3.0,1235.0,137.0,2020
48.0,2.0,4.0,8135.0,740.0,2020
48.0,2.0,5.0,93693.0,11412.0,2020
48.0,2.0,6.0,387.0,52.0,2020
49.0,2.0,1.0,18199.0,2628.0,2020
49.0,2.0,3.0,136.0,12.0,2020
49.0,2.0,4.0,375.0,61.0,2020
49.0,2.0,5.0,1152.0,124.0,2020
50.0,2.0,1.0,1965.0,273.0,2020
51.0,2.0,1.0,33560.0,5598.0,2020
51.0,2.0,2.0,15052.0,2160.0,2020
51.0,2.0,3.0,321.0,33.0,2020
51.0,2.0,4.0,1719.0,142.0,2020
51.0,2.0,5.0,1295.0,139.0,2020
53.0,2.0,0.0,653.0,56.0,2020
53.0,2.0,1.0,46315.0,7318.0,2020
53.0,2.0,2.0,2059.0,262.0,2020
53.0,2.0,3.0,645.0,72.0,2020
53.0,2.0,4.0,3988.0,434.0,2020
53.0,2.0,5.0,2178.0,286.0,2020
53.0,2.0,6.0,386.0,50.0,2020
54.0,2.0,1.0,21433.0,3725.0,2020
54.0,2.0,2.0,645.0,92.0,2020
54.0,2.0,5.0,84.0,15.0,2020
55.0,2.0,0.0,514.0,49.0,2020
55.0,2.0,1.0,60719.0,11063.0,2020
55.0,2.0,2.0,5148.0,658.0,2020
55.0,2.0,3.0,258.0,31.0,2020
55.0,2.0,4.0,461.0,72.0,2020
55.0,2.0,5.0,1669.0,168.0,2020
55.0,2.0,6.0,278.0,45.0,2020
56.0,2.0,1.0,750.0,142.0,2020
72.0,2.0,1.0,244.0,32.0,2020
72.0,2.0,5.0,114846.0,10910.0,2020
1.0,1.0,1.0,70234.0,12062.0,2021
1.0,1.0,2.0,14020.0,2391.0,2021
1.0,1.0,3.0,199.0,28.0,2021
1.0,1.0,4.0,288.0,35.0,2021
1.0,1.0,5.0,531.0,77.0,2021
2.0,1.0,1.0,7127.0,1062.0,2021
4.0,1.0,0.0,609.0,49.0,2021
4.0,1.0,1.0,70840.0,9919.0,2021
4.0,1.0,2.0,1981.0,334.0,2021
4.0,1.0,3.0,582.0,72.0,2021
4.0,1.0,4.0,953.0,136.0,2021
4.0,1.0,5.0,6240.0,837.0,2021
4.0,1.0,6.0,3316.0,714.0,2021
5.0,1.0,1.0,60127.0,10668.0,2021
5.0,1.0,2.0,6137.0,1030.0,2021
5.0,1.0,4.0,259.0,42.0,2021
5.0,1.0,5.0,650.0,90.0,2021
5.0,1.0,6.0,247.0,39.0,2021
6.0,1.0,0.0,5435.0,358.0,2021
6.0,1.0,1.0,275182.0,42394.0,2021
6.0,1.0,2.0,24266.0,4278.0,2021
6.0,1.0,3.0,7132.0,1071.0,2021
6.0,1.0,4.0,53673.0,8046.0,2021
6.0,1.0,5.0,69348.0,9463.0,2021
6.0,1.0,6.0,1701.0,279.0,2021
8.0,1.0,0.0,620.0,41.0,2021
8.0,1.0,1.0,51067.0,8058.0,2021
8.0,1.0,2.0,1749.0,308.0,2021
8.0,1.0,3.0,420.0,58.0,2021
8.0,1.0,4.0,757.0,86.0,2021
8.0,1.0,5.0,4873.0,784.0,2021
8.0,1.0,6.0,182.0,21.0,2021
9.0,1.0,0.0,591.0,64.0,2021
9.0,1.0,1.0,48986.0,8818.0,2021
9.0,1.0,3.0,415.0,65.0,2021
9.0,1.0,4.0,753.0,125.0,2021
9.0,1.0,5.0,3386.0,454.0,2021
10.0,1.0,1.0,15509.0,2977.0,2021
10.0,1.0,5.0,422.0,54.0,2021
11.0,1.0,1.0,3282.0,479.0,2021
11.0,1.0,2.0,6985.0,1242.0,2021
11.0,1.0,5.0,367.0,45.0,2021
12.0,1.0,0.0,3213.0,254.0,2021
12.0,1.0,1.0,312176.0,50434.0,2021
12.0,1.0,2.0,30531.0,4958.0,2021
12.0,1.0,3.0,2451.0,291.0,2021
12.0,1.0,4.0,3669.0,533.0,2021
12.0,1.0,5.0,44624.0,6486.0,2021
12.0,1.0,6.0,303.0,43.0,2021
13.0,1.0,1.0,99954.0,17348.0,2021
13.0,1.0,2.0,27373.0,4423.0,2021
13.0,1.0,3.0,600.0,82.0,2021
13.0,1.0,4.0,1404.0,175.0,2021
13.0,1.0,5.0,2225.0,303.0,2021
15.0,1.0,1.0,4514.0,547.0,2021
15.0,1.0,3.0,1848.0,197.0,2021
15.0,1.0,4.0,8933.0,1102.0,2021
15.0,1.0,5.0,805.0,90.0,2021
16.0,1.0,1.0,24292.0,4117.0,2021
16.0,1.0,4.0,168.0,34.0,2021
16.0,1.0,5.0,784.0,99.0,2021
17.0,1.0,1.0,166357.0,30276.0,2021
17.0,1.0,2.0,23527.0,4529.0,2021
17.0,1.0,3.0,1297.0,181.0,2021
17.0,1.0,4.0,3804.0,616.0,2021
17.0,1.0,5.0,9992.0,1691.0,2021
18.0,1.0,1.0,101733.0,20005.0,2021
18.0,1.0,3.0,415.0,70.0,2021
18.0,1.0,4.0,593.0,110.0,2021
18.0,1.0,5.0,1585.0,237.0,2021
19.0,1.0,1.0,54702.0,11672.0,2021
19.0,1.0,2.0,741.0,115.0,2021
19.0,1.0,3.0,202.0,32.0,2021
19.0,1.0,4.0,256.0,43.0,2021
19.0,1.0,5.0,496.0,82.0,2021
20.0,1.0,0.0,345.0,23.0,2021
20.0,1.0,1.0,50928.0,8859.0,2021
20.0,1.0,2.0,2024.0,377.0,2021
20.0,1.0,3.0,239.0,41.0,2021
20.0,1.0,4.0,382.0,44.0,2021
20.0,1.0,5.0,1389.0,241.0,2021
20.0,1.0,6.0,312.0,61.0,2021
21.0,1.0,0.0,301.0,34.0,2021
21.0,1.0,1.0,67930.0,12707.0,2021
21.0,1.0,3.0,201.0,32.0,2021
21.0,1.0,4.0,206.0,27.0,2021
21.0,1.0,5.0,414.0,62.0,2021
22.0,1.0,1.0,55957.0,9330.0,2021
22.0,1.0,3.0,256.0,40.0,2021
22.0,1.0,4.0,459.0,66.0,2021
22.0,1.0,5.0,1484.0,262.0,2021
23.0,1.0,0.0,189.0,14.0,2021
23.0,1.0,1.0,24433.0,4619.0,2021
24.0,1.0,0.0,1395.0,137.0,2021
24.0,1.0,1.0,88645.0,14069.0,2021
24.0,1.0,3.0,1080.0,136.0,2021
24.0,1.0,4.0,4570.0,483.0,2021
24.0,1.0,5.0,3102.0,346.0,2021
25.0,1.0,1.0,111644.0,18533.0,2021
25.0,1.0,3.0,1206.0,177.0,2021
25.0,1.0,4.0,1926.0,272.0,2021
25.0,1.0,5.0,5509.0,592.0,2021
26.0,1.0,0.0,1675.0,172.0,2021
26.0,1.0,1.0,128333.0,22185.0,2021
26.0,1.0,2.0,21784.0,3836.0,2021
26.0,1.0,3.0,1051.0,154.0,2021
26.0,1.0,4.0,1802.0,317.0,2021
26.0,1.0,5.0,2686.0,411.0,2021
26.0,1.0,6.0,566.0,117.0,2021
27.0,1.0,0.0,641.0,62.0,2021
27.0,1.0,1.0,61667.0,11397.0,2021
27.0,1.0,2.0,1888.0,223.0,2021
27.0,1.0,3.0,340.0,49.0,2021
27.0,1.0,4.0,617.0,78.0,2021
27.0,1.0,5.0,673.0,85.0,2021
27.0,1.0,6.0,658.0,122.0,2021
28.0,1.0,1.0,60664.0,9069.0,2021
28.0,1.0,2.0,20629.0,3478.0,2021
28.0,1.0,5.0,425.0,85.0,2021
29.0,1.0,0.0,584.0,54.0,2021
29.0,1.0,1.0,93579.0,19008.0,2021
29.0,1.0,2.0,8223.0,1693.0,2021
29.0,1.0,3.0,337.0,38.0,2021
29.0,1.0,4.0,619.0,89.0,2021
29.0,1.0,5.0,1034.0,163.0,2021
29.0,1.0,6.0,181.0,33.0,2021
30.0,1.0,1.0,17001.0,3349.0,2021
30.0,1.0,5.0,191.0,32.0,2021
30.0,1.0,6.0,745.0,132.0,2021
31.0,1.0,1.0,37527.0,6348.0,2021
31.0,1.0,2.0,745.0,153.0,2021
31.0,1.0,5.0,680.0,111.0,2021
32.0,1.0,0.0,314.0,23.0,2021
32.0,1.0,1.0,26811.0,4397.0,2021
32.0,1.0,2.0,3026.0,455.0,2021
32.0,1.0,3.0,501.0,64.0,2021
32.0,1.0,4.0,1987.0,306.0,2021
32.0,1.0,5.0,3648.0,607.0,2021
32.0,1.0,6.0,287.0,63.0,2021
33.0,1.0,1.0,28056.0,4271.0,2021
33.0,1.0,5.0,249.0,25.0,2021
34.0,1.0,1.0,125266.0,23612.0,2021
34.0,1.0,2.0,14877.0,2648.0,2021
34.0,1.0,3.0,1541.0,198.0,2021
34.0,1.0,4.0,5853.0,798.0,2021
34.0,1.0,5.0,13251.0,2019.0,2021
35.0,1.0,1.0,17973.0,2984.0,2021
35.0,1.0,2.0,446.0,71.0,2021
35.0,1.0,3.0,130.0,14.0,2021
35.0,1.0,4.0,165.0,30.0,2021
35.0,1.0,5.0,7867.0,1234.0,2021
36.0,1.0,0.0,4929.0,408.0,2021
36.0,1.0,1.0,218959.0,36569.0,2021
36.0,1.0,2.0,32095.0,5728.0,2021
36.0,1.0,3.0,4260.0,569.0,2021
36.0,1.0,4.0,11689.0,1982.0,2021
36.0,1.0,5.0,23299.0,3584.0,2021
36.0,1.0,6.0,426.0,87.0,2021
37.0,1.0,0.0,929.0,87.0,2021
37.0,1.0,1.0,120477.0,21091.0,2021
37.0,1.0,2.0,28424.0,4936.0,2021
37.0,1.0,3.0,931.0,163.0,2021
37.0,1.0,4.0,1255.0,187.0,2021
37.0,1.0,5.0,2223.0,319.0,2021
37.0,1.0,6.0,922.0,141.0,2021
38.0,1.0,1.0,12162.0,2453.0,2021
39.0,1.0,1.0,151764.0,30497.0,2021
39.0,1.0,3.0,779.0,122.0,2021
39.0,1.0,4.0,1116.0,168.0,2021
39.0,1.0,5.0,1628.0,278.0,2021
40.0,1.0,1.0,60139.0,10939.0,2021
40.0,1.0,2.0,3664.0,759.0,2021
40.0,1.0,4.0,442.0,71.0,2021
40.0,1.0,5.0,1306.0,194.0,2021
40.0,1.0,6.0,5671.0,1018.0,2021
41.0,1.0,0.0,445.0,33.0,2021
41.0,1.0,1.0,46795.0,6445.0,2021
41.0,1.0,2.0,586.0,87.0,2021
41.0,1.0,3.0,320.0,52.0,2021
41.0,1.0,4.0,852.0,119.0,2021
41.0,1.0,5.0,1470.0,189.0,2021
41.0,1.0,6.0,580.0,78.0,2021
42.0,1.0,1.0,175870.0,35017.0,2021
42.0,1.0,2.0,14187.0,2505.0,2021
42.0,1.0,3.0,977.0,136.0,2021
42.0,1.0,4.0,2736.0,443.0,2021
42.0,1.0,5.0,4219.0,611.0,2021
44.0,1.0,0.0,166.0,19.0,2021
44.0,1.0,1.0,13290.0,2391.0,2021
44.0,1.0,3.0,104.0,19.0,2021
44.0,1.0,4.0,128.0,21.0,2021
44.0,1.0,5.0,610.0,65.0,2021
45.0,1.0,1.0,76720.0,12893.0,2021
45.0,1.0,3.0,335.0,41.0,2021
45.0,1.0,4.0,359.0,44.0,2021
45.0,1.0,5.0,771.0,125.0,2021
46.0,1.0,1.0,13180.0,2742.0,2021
47.0,1.0,1.0,98506.0,18350.0,2021
47.0,1.0,3.0,310.0,40.0,2021
47.0,1.0,4.0,504.0,85.0,2021
47.0,1.0,5.0,780.0,117.0,2021
48.0,1.0,0.0,1904.0,156.0,2021
48.0,1.0,1.0,265927.0,46630.0,2021
48.0,1.0,2.0,35217.0,5461.0,2021
48.0,1.0,3.0,1699.0,207.0,2021
48.0,1.0,4.0,8384.0,950.0,2021
48.0,1.0,5.0,59172.0,11211.0,2021
48.0,1.0,6.0,701.0,120.0,2021
49.0,1.0,1.0,25798.0,4678.0,2021
49.0,1.0,3.0,150.0,23.0,2021
49.0,1.0,4.0,346.0,38.0,2021
49.0,1.0,5.0,1110.0,182.0,2021
50.0,1.0,1.0,13311.0,1997.0,2021
51.0,1.0,1.0,117988.0,19436.0,2021
51.0,1.0,2.0,23063.0,3795.0,2021
51.0,1.0,3.0,1090.0,149.0,2021
51.0,1.0,4.0,3933.0,474.0,2021
51.0,1.0,5.0,2522.0,363.0,2021
53.0,1.0,0.0,1012.0,101.0,2021
53.0,1.0,1.0,86458.0,12832.0,2021
53.0,1.0,2.0,1989.0,344.0,2021
53.0,1.0,3.0,944.0,137.0,2021
53.0,1.0,4.0,3654.0,617.0,2021
53.0,1.0,5.0,3133.0,442.0,2021
53.0,1.0,6.0,1020.0,205.0,2021
54.0,1.0,1.0,34309.0,5868.0,2021
54.0,1.0,2.0,907.0,164.0,2021
54.0,1.0,5.0,156.0,25.0,2021
55.0,1.0,0.0,739.0,53.0,2021
55.0,1.0,1.0,70053.0,11808.0,2021
55.0,1.0,2.0,3030.0,537.0,2021
55.0,1.0,3.0,302.0,47.0,2021
55.0,1.0,4.0,689.0,100.0,2021
55.0,1.0,5.0,1516.0,211.0,2021
55.0,1.0,6.0,654.0,118.0,2021
56.0,1.0,1.0,10231.0,1599.0,2021
72.0,1.0,1.0,155.0,16.0,2021
72.0,1.0,5.0,11770.0,1439.0,2021
1.0,2.0,1.0,54539.0,7296.0,2021
1.0,2.0,2.0,25235.0,2945.0,2021
1.0,2.0,3.0,198.0,25.0,2021
1.0,2.0,4.0,261.0,19.0,2021
1.0,2.0,5.0,463.0,37.0,2021
2.0,2.0,1.0,305.0,56.0,2021
4.0,2.0,0.0,470.0,32.0,2021
4.0,2.0,1.0,68259.0,9463.0,2021
4.0,2.0,2.0,3851.0,461.0,2021
4.0,2.0,3.0,539.0,53.0,2021
4.0,2.0,4.0,1480.0,194.0,2021
4.0,2.0,5.0,17079.0,2355.0,2021
4.0,2.0,6.0,597.0,76.0,2021
5.0,2.0,1.0,24295.0,2716.0,2021
5.0,2.0,2.0,6002.0,712.0,2021
5.0,2.0,4.0,121.0,12.0,2021
5.0,2.0,5.0,534.0,55.0,2021
5.0,2.0,6.0,144.0,12.0,2021
6.0,2.0,0.0,1788.0,137.0,2021
6.0,2.0,1.0,222109.0,34043.0,2021
6.0,2.0,2.0,28827.0,4336.0,2021
6.0,2.0,3.0,6675.0,724.0,2021
6.0,2.0,4.0,45067.0,5006.0,2021
6.0,2.0,5.0,98690.0,11176.0,2021
6.0,2.0,6.0,867.0,112.0,2021
8.0,2.0,0.0,412.0,28.0,2021
8.0,2.0,1.0,50226.0,8137.0,2021
8.0,2.0,2.0,2551.0,299.0,2021
8.0,2.0,3.0,338.0,40.0,2021
8.0,2.0,4.0,986.0,103.0,2021
8.0,2.0,5.0,8195.0,938.0,2021
8.0,2.0,6.0,139.0,12.0,2021
9.0,2.0,0.0,539.0,32.0,2021
9.0,2.0,1.0,34302.0,5798.0,2021
9.0,2.0,3.0,351.0,49.0,2021
9.0,2.0,4.0,503.0,57.0,2021
9.0,2.0,5.0,4120.0,388.0,2021
10.0,2.0,1.0,3633.0,540.0,2021
10.0,2.0,5.0,221.0,25.0,2021
11.0,2.0,1.0,401.0,52.0,2021
11.0,2.0,2.0,2813.0,377.0,2021
11.0,2.0,5.0,136.0,13.0,2021
12.0,2.0,0.0,2500.0,191.0,2021
12.0,2.0,1.0,213936.0,24355.0,2021
12.0,2.0,2.0,49964.0,5138.0,2021
12.0,2.0,3.0,2668.0,235.0,2021
12.0,2.0,4.0,4807.0,362.0,2021
12.0,2.0,5.0,121574.0,9152.0,2021
12.0,2.0,6.0,258.0,20.0,2021
13.0,2.0,1.0,71180.0,8878.0,2021
13.0,2.0,2.0,46321.0,5215.0,2021
13.0,2.0,3.0,524.0,64.0,2021
13.0,2.0,4.0,2665.0,122.0,2021
13.0,2.0,5.0,2496.0,210.0,2021
15.0,2.0,1.0,5043.0,608.0,2021
15.0,2.0,3.0,2365.0,274.0,2021
15.0,2.0,4.0,13008.0,1771.0,2021
15.0,2.0,5.0,1641.0,161.0,2021
16.0,2.0,1.0,15815.0,2323.0,2021
16.0,2.0,4.0,135.0,27.0,2021
16.0,2.0,5.0,695.0,77.0,2021
17.0,2.0,1.0,69846.0,10580.0,2021
17.0,2.0,2.0,24688.0,3505.0,2021
17.0,2.0,3.0,827.0,82.0,2021
17.0,2.0,4.0,2479.0,245.0,2021
17.0,2.0,5.0,10810.0,1040.0,2021
18.0,2.0,1.0,61682.0,9526.0,2021
18.0,2.0,3.0,250.0,32.0,2021
18.0,2.0,4.0,364.0,43.0,2021
18.0,2.0,5.0,1764.0,213.0,2021
19.0,2.0,1.0,22294.0,3487.0,2021
19.0,2.0,2.0,821.0,89.0,2021
19.0,2.0,3.0,79.0,10.0,2021
19.0,2.0,4.0,267.0,24.0,2021
19.0,2.0,5.0,393.0,36.0,2021
20.0,2.0,0.0,81.0,12.0,2021
20.0,2.0,1.0,15578.0,2530.0,2021
20.0,2.0,2.0,2191.0,284.0,2021
20.0,2.0,3.0,79.0,13.0,2021
20.0,2.0,4.0,267.0,20.0,2021
20.0,2.0,5.0,817.0,108.0,2021
20.0,2.0,6.0,121.0,17.0,2021
21.0,2.0,0.0,235.0,19.0,2021
21.0,2.0,1.0,47478.0,6780.0,2021
21.0,2.0,3.0,137.0,12.0,2021
21.0,2.0,4.0,186.0,18.0,2021
21.0,2.0,5.0,374.0,37.0,2021
22.0,2.0,1.0,36648.0,5408.0,2021
22.0,2.0,3.0,214.0,32.0,2021
22.0,2.0,4.0,441.0,41.0,2021
22.0,2.0,5.0,1848.0,231.0,2021
23.0,2.0,0.0,186.0,13.0,2021
23.0,2.0,1.0,15098.0,1755.0,2021
24.0,2.0,0.0,179.0,17.0,2021
24.0,2.0,1.0,13021.0,2447.0,2021
24.0,2.0,3.0,185.0,31.0,2021
24.0,2.0,4.0,753.0,105.0,2021
24.0,2.0,5.0,702.0,76.0,2021
25.0,2.0,1.0,42919.0,7076.0,2021
25.0,2.0,3.0,750.0,99.0,2021
25.0,2.0,4.0,3355.0,338.0,2021
25.0,2.0,5.0,7852.0,673.0,2021
26.0,2.0,0.0,1142.0,85.0,2021
26.0,2.0,1.0,118955.0,18150.0,2021
26.0,2.0,2.0,23311.0,3271.0,2021
26.0,2.0,3.0,787.0,109.0,2021
26.0,2.0,4.0,1046.0,120.0,2021
26.0,2.0,5.0,2814.0,352.0,2021
26.0,2.0,6.0,287.0,40.0,2021
27.0,2.0,0.0,633.0,58.0,2021
27.0,2.0,1.0,62435.0,10884.0,2021
27.0,2.0,2.0,2019.0,260.0,2021
27.0,2.0,3.0,396.0,46.0,2021
27.0,2.0,4.0,1467.0,169.0,2021
27.0,2.0,5.0,767.0,94.0,2021
27.0,2.0,6.0,326.0,58.0,2021
28.0,2.0,1.0,12871.0,1598.0,2021
28.0,2.0,2.0,10991.0,1274.0,2021
28.0,2.0,5.0,185.0,22.0,2021
29.0,2.0,0.0,331.0,30.0,2021
29.0,2.0,1.0,68376.0,8988.0,2021
29.0,2.0,2.0,10172.0,1460.0,2021
29.0,2.0,3.0,232.0,24.0,2021
29.0,2.0,4.0,427.0,36.0,2021
29.0,2.0,5.0,1026.0,113.0,2021
29.0,2.0,6.0,156.0,14.0,2021
30.0,2.0,1.0,6169.0,771.0,2021
30.0,2.0,5.0,107.0,12.0,2021
30.0,2.0,6.0,134.0,22.0,2021
31.0,2.0,1.0,10498.0,1527.0,2021
31.0,2.0,2.0,845.0,109.0,2021
31.0,2.0,5.0,386.0,42.0,2021
32.0,2.0,0.0,173.0,13.0,2021
32.0,2.0,1.0,21533.0,2995.0,2021
32.0,2.0,2.0,3173.0,380.0,2021
32.0,2.0,3.0,460.0,56.0,2021
32.0,2.0,4.0,1671.0,223.0,2021
32.0,2.0,5.0,3651.0,385.0,2021
32.0,2.0,6.0,87.0,14.0,2021
33.0,2.0,1.0,8192.0,1282.0,2021
33.0,2.0,5.0,159.0,20.0,2021
34.0,2.0,1.0,49943.0,7628.0,2021
34.0,2.0,2.0,14588.0,2030.0,2021
34.0,2.0,3.0,835.0,102.0,2021
34.0,2.0,4.0,2742.0,289.0,2021
34.0,2.0,5.0,16820.0,1523.0,2021
35.0,2.0,1.0,13062.0,1680.0,2021
35.0,2.0,2.0,386.0,60.0,2021
35.0,2.0,3.0,114.0,14.0,2021
35.0,2.0,4.0,181.0,15.0,2021
35.0,2.0,5.0,9497.0,1048.0,2021
36.0,2.0,0.0,3098.0,255.0,2021
36.0,2.0,1.0,141167.0,21076.0,2021
36.0,2.0,2.0,40680.0,6569.0,2021
36.0,2.0,3.0,3605.0,411.0,2021
36.0,2.0,4.0,20598.0,1736.0,2021
36.0,2.0,5.0,47520.0,5156.0,2021
36.0,2.0,6.0,521.0,50.0,2021
37.0,2.0,0.0,545.0,30.0,2021
37.0,2.0,1.0,83819.0,13699.0,2021
37.0,2.0,2.0,30333.0,3628.0,2021
37.0,2.0,3.0,837.0,83.0,2021
37.0,2.0,4.0,771.0,83.0,2021
37.0,2.0,5.0,2018.0,203.0,2021
37.0,2.0,6.0,619.0,74.0,2021
38.0,2.0,1.0,3914.0,665.0,2021
39.0,2.0,1.0,150831.0,25206.0,2021
39.0,2.0,3.0,754.0,109.0,2021
39.0,2.0,4.0,1330.0,186.0,2021
39.0,2.0,5.0,2805.0,270.0,2021
40.0,2.0,1.0,23996.0,3195.0,2021
40.0,2.0,2.0,2870.0,314.0,2021
40.0,2.0,4.0,256.0,37.0,2021
40.0,2.0,5.0,745.0,66.0,2021
40.0,2.0,6.0,1500.0,195.0,2021
41.0,2.0,0.0,541.0,47.0,2021
41.0,2.0,1.0,56362.0,7621.0,2021
41.0,2.0,2.0,1253.0,122.0,2021
41.0,2.0,3.0,497.0,48.0,2021
41.0,2.0,4.0,1989.0,199.0,2021
41.0,2.0,5.0,1892.0,171.0,2021
41.0,2.0,6.0,319.0,45.0,2021
42.0,2.0,1.0,165458.0,27467.0,2021
42.0,2.0,2.0,22682.0,3692.0,2021
42.0,2.0,3.0,812.0,111.0,2021
42.0,2.0,4.0,2280.0,266.0,2021
42.0,2.0,5.0,7048.0,744.0,2021
44.0,2.0,0.0,141.0,16.0,2021
44.0,2.0,1.0,15285.0,2423.0,2021
44.0,2.0,3.0,202.0,29.0,2021
44.0,2.0,4.0,165.0,21.0,2021
44.0,2.0,5.0,1473.0,165.0,2021
45.0,2.0,1.0,33774.0,4860.0,2021
45.0,2.0,3.0,149.0,22.0,2021
45.0,2.0,4.0,271.0,27.0,2021
45.0,2.0,5.0,830.0,72.0,2021
46.0,2.0,1.0,5836.0,1141.0,2021
47.0,2.0,1.0,79950.0,11251.0,2021
47.0,2.0,3.0,255.0,30.0,2021
47.0,2.0,4.0,500.0,45.0,2021
47.0,2.0,5.0,960.0,84.0,2021
48.0,2.0,0.0,1236.0,96.0,2021
48.0,2.0,1.0,166369.0,23564.0,2021
48.0,2.0,2.0,46664.0,5920.0,2021
48.0,2.0,3.0,1330.0,132.0,2021
48.0,2.0,4.0,9060.0,800.0,2021
48.0,2.0,5.0,104960.0,12271.0,2021
48.0,2.0,6.0,427.0,54.0,2021
49.0,2.0,1.0,19421.0,2888.0,2021
49.0,2.0,3.0,153.0,12.0,2021
49.0,2.0,4.0,401.0,55.0,2021
49.0,2.0,5.0,1284.0,131.0,2021
50.0,2.0,1.0,2132.0,267.0,2021
51.0,2.0,1.0,38248.0,5652.0,2021
51.0,2.0,2.0,16763.0,2231.0,2021
51.0,2.0,3.0,350.0,32.0,2021
51.0,2.0,4.0,1836.0,152.0,2021
51.0,2.0,5.0,1453.0,146.0,2021
53.0,2.0,0.0,730.0,51.0,2021
53.0,2.0,1.0,50624.0,7368.0,2021
53.0,2.0,2.0,2267.0,268.0,2021
53.0,2.0,3.0,739.0,76.0,2021
53.0,2.0,4.0,4283.0,469.0,2021
53.0,2.0,5.0,2345.0,301.0,2021
53.0,2.0,6.0,422.0,45.0,2021
54.0,2.0,1.0,22984.0,3714.0,2021
54.0,2.0,2.0,722.0,98.0,2021
54.0,2.0,5.0,89.0,15.0,2021
55.0,2.0,0.0,549.0,49.0,2021
55.0,2.0,1.0,67851.0,10341.0,2021
55.0,2.0,2.0,5803.0,623.0,2021
55.0,2.0,3.0,278.0,32.0,2021
55.0,2.0,4.0,528.0,69.0,2021
55.0,2.0,5.0,1816.0,183.0,2021
55.0,2.0,6.0,318.0,46.0,2021
56.0,2.0,1.0,810.0,135.0,2021
72.0,2.0,1.0,266.0,33.0,2021
72.0,2.0,5.0,124156.0,11221.0,2021
1.0,1.0,1.0,80525.0,10956.0,2022
1.0,1.0,2.0,15796.0,2376.0,2022
1.0,1.0,3.0,226.0,29.0,2022
1.0,1.0,4.0,308.0,34.0,2022
1.0,1.0,5.0,584.0,81.0,2022
2.0,1.0,1.0,8114.0,1059.0,2022
4.0,1.0,0.0,698.0,44.0,2022
4.0,1.0,1.0,79464.0,10459.0,2022
4.0,1.0,2.0,2089.0,339.0,2022
4.0,1.0,3.0,632.0,66.0,2022
4.0,1.0,4.0,1088.0,147.0,2022
4.0,1.0,5.0,6813.0,795.0,2022
4.0,1.0,6.0,3602.0,645.0,2022
5.0,1.0,1.0,68208.0,11084.0,2022
5.0,1.0,2.0,6563.0,1047.0,2022
5.0,1.0,4.0,291.0,40.0,2022
5.0,1.0,5.0,727.0,96.0,2022
5.0,1.0,6.0,274.0,41.0,2022
6.0,1.0,0.0,5880.0,391.0,2022
6.0,1.0,1.0,306807.0,38782.0,2022
6.0,1.0,2.0,25883.0,4125.0,2022
6.0,1.0,3.0,8121.0,1062.0,2022
6.0,1.0,4.0,59079.0,8160.0,2022
6.0,1.0,5.0,76067.0,8907.0,2022
6.0,1.0,6.0,1844.0,276.0,2022
8.0,1.0,0.0,678.0,39.0,2022
8.0,1.0,1.0,56419.0,8617.0,2022
8.0,1.0,2.0,2008.0,293.0,2022
8.0,1.0,3.0,466.0,53.0,2022
8.0,1.0,4.0,868.0,90.0,2022
8.0,1.0,5.0,5342.0,795.0,2022
8.0,1.0,6.0,192.0,20.0,2022
9.0,1.0,0.0,656.0,64.0,2022
9.0,1.0,1.0,55125.0,9555.0,2022
9.0,1.0,3.0,457.0,65.0,2022
9.0,1.0,4.0,807.0,123.0,2022
9.0,1.0,5.0,3612.0,484.0,2022
10.0,1.0,1.0,17589.0,3119.0,2022
10.0,1.0,5.0,472.0,57.0,2022
11.0,1.0,1.0,3732.0,470.0,2022
11.0,1.0,2.0,8015.0,1153.0,2022
11.0,1.0,5.0,392.0,44.0,2022
12.0,1.0,0.0,3503.0,259.0,2022
12.0,1.0,1.0,332257.0,48992.0,2022
12.0,1.0,2.0,33396.0,5047.0,2022
12.0,1.0,3.0,2793.0,281.0,2022
12.0,1.0,4.0,4106.0,530.0,2022
12.0,1.0,5.0,49842.0,6266.0,2022
12.0,1.0,6.0,340.0,42.0,2022
13.0,1.0,1.0,114131.0,17758.0,2022
13.0,1.0,2.0,30686.0,4693.0,2022
13.0,1.0,3.0,679.0,87.0,2022
13.0,1.0,4.0,1581.0,185.0,2022
13.0,1.0,5.0,2342.0,284.0,2022
15.0,1.0,1.0,5049.0,540.0,2022
15.0,1.0,3.0,2076.0,208.0,2022
15.0,1.0,4.0,9408.0,1046.0,2022
15.0,1.0,5.0,899.0,88.0,2022
16.0,1.0,1.0,26311.0,4325.0,2022
16.0,1.0,4.0,190.0,35.0,2022
16.0,1.0,5.0,901.0,98.0,2022
17.0,1.0,1.0,188079.0,29564.0,2022
17.0,1.0,2.0,26187.0,4115.0,2022
17.0,1.0,3.0,1383.0,169.0,2022
17.0,1.0,4.0,4368.0,628.0,2022
17.0,1.0,5.0,11229.0,1776.0,2022
18.0,1.0,1.0,114438.0,19749.0,2022
18.0,1.0,3.0,451.0,72.0,2022
18.0,1.0,4.0,678.0,104.0,2022
18.0,1.0,5.0,1749.0,235.0,2022
19.0,1.0,1.0,58060.0,10762.0,2022
19.0,1.0,2.0,781.0,115.0,2022
19.0,1.0,3.0,213.0,30.0,2022
19.0,1.0,4.0,276.0,43.0,2022
19.0,1.0,5.0,545.0,79.0,2022
20.0,1.0,0.0,368.0,21.0,2022
20.0,1.0,1.0,55574.0,9345.0,2022
20.0,1.0,2.0,2127.0,379.0,2022
20.0,1.0,3.0,264.0,40.0,2022
20.0,1.0,4.0,407.0,43.0,2022
20.0,1.0,5.0,1582.0,260.0,2022
20.0,1.0,6.0,353.0,60.0,2022
21.0,1.0,0.0,337.0,31.0,2022
21.0,1.0,1.0,71480.0,12772.0,2022
21.0,1.0,3.0,217.0,30.0,2022
21.0,1.0,4.0,237.0,26.0,2022
21.0,1.0,5.0,439.0,58.0,2022
22.0,1.0,1.0,62993.0,9146.0,2022
22.0,1.0,3.0,283.0,41.0,2022
22.0,1.0,4.0,489.0,66.0,2022
22.0,1.0,5.0,1561.0,241.0,2022
23.0,1.0,0.0,216.0,14.0,2022
23.0,1.0,1.0,27208.0,4511.0,2022
24.0,1.0,0.0,1548.0,149.0,2022
24.0,1.0,1.0,96024.0,13493.0,2022
24.0,1.0,3.0,1232.0,123.0,2022
24.0,1.0,4.0,5125.0,468.0,2022
24.0,1.0,5.0,3417.0,340.0,2022
25.0,1.0,1.0,118612.0,18018.0,2022
25.0,1.0,3.0,1353.0,172.0,2022
25.0,1.0,4.0,2198.0,256.0,2022
25.0,1.0,5.0,6167.0,546.0,2022
26.0,1.0,0.0,1797.0,170.0,2022
26.0,1.0,1.0,136348.0,20252.0,2022
26.0,1.0,2.0,25001.0,3776.0,2022
26.0,1.0,3.0,1111.0,169.0,2022
26.0,1.0,4.0,1949.0,309.0,2022
26.0,1.0,5.0,3012.0,371.0,2022
26.0,1.0,6.0,626.0,120.0,2022
27.0,1.0,0.0,715.0,67.0,2022
27.0,1.0,1.0,68821.0,12033.0,2022
27.0,1.0,2.0,2051.0,233.0,2022
27.0,1.0,3.0,361.0,47.0,2022
27.0,1.0,4.0,665.0,85.0,2022
27.0,1.0,5.0,756.0,92.0,2022
27.0,1.0,6.0,713.0,134.0,2022
28.0,1.0,1.0,64986.0,9739.0,2022
28.0,1.0,2.0,21816.0,3429.0,2022
28.0,1.0,5.0,475.0,87.0,2022
29.0,1.0,0.0,660.0,52.0,2022
29.0,1.0,1.0,106310.0,18306.0,2022
29.0,1.0,2.0,8736.0,1593.0,2022
29.0,1.0,3.0,357.0,37.0,2022
29.0,1.0,4.0,673.0,88.0,2022
29.0,1.0,5.0,1164.0,158.0,2022
29.0,1.0,6.0,194.0,30.0,2022
30.0,1.0,1.0,19137.0,3084.0,2022
30.0,1.0,5.0,204.0,34.0,2022
30.0,1.0,6.0,854.0,123.0,2022
31.0,1.0,1.0,42778.0,6796.0,2022
31.0,1.0,2.0,797.0,164.0,2022
31.0,1.0,5.0,719.0,110.0,2022
32.0,1.0,0.0,356.0,22.0,2022
32.0,1.0,1.0,30308.0,4081.0,2022
32.0,1.0,2.0,3353.0,452.0,2022
32.0,1.0,3.0,557.0,60.0,2022
32.0,1.0,4.0,2095.0,305.0,2022
32.0,1.0,5.0,3981.0,590.0,2022
32.0,1.0,6.0,311.0,68.0,2022
33.0,1.0,1.0,31778.0,4540.0,2022
33.0,1.0,5.0,271.0,25.0,2022
34.0,1.0,1.0,137165.0,22320.0,2022
34.0,1.0,2.0,16029.0,2724.0,2022
34.0,1.0,3.0,1686.0,197.0,2022
34.0,1.0,4.0,6696.0,764.0,2022
34.0,1.0,5.0,14170.0,2017.0,2022
35.0,1.0,1.0,18974.0,3084.0,2022
35.0,1.0,2.0,502.0,67.0,2022
35.0,1.0,3.0,147.0,14.0,2022
35.0,1.0,4.0,188.0,30.0,2022
35.0,1.0,5.0,8868.0,1137.0,2022
36.0,1.0,0.0,5379.0,392.0,2022
36.0,1.0,1.0,246773.0,38355.0,2022
36.0,1.0,2.0,36195.0,5240.0,2022
36.0,1.0,3.0,4672.0,556.0,2022
36.0,1.0,4.0,13367.0,1978.0,2022
36.0,1.0,5.0,26603.0,3622.0,2022
36.0,1.0,6.0,466.0,88.0,2022
37.0,1.0,0.0,1046.0,93.0,2022
37.0,1.0,1.0,130968.0,21780.0,2022
37.0,1.0,2.0,30118.0,5249.0,2022
37.0,1.0,3.0,1054.0,148.0,2022
37.0,1.0,4.0,1373.0,183.0,2022
37.0,1.0,5.0,2397.0,339.0,2022
37.0,1.0,6.0,1002.0,145.0,2022
38.0,1.0,1.0,13949.0,2249.0,2022
39.0,1.0,1.0,159360.0,29193.0,2022
39.0,1.0,3.0,880.0,124.0,2022
39.0,1.0,4.0,1274.0,163.0,2022
39.0,1.0,5.0,1851.0,271.0,2022
40.0,1.0,1.0,66535.0,11512.0,2022
40.0,1.0,2.0,4213.0,787.0,2022
40.0,1.0,4.0,491.0,73.0,2022
40.0,1.0,5.0,1398.0,200.0,2022
40.0,1.0,6.0,6251.0,1094.0,2022
41.0,1.0,0.0,468.0,32.0,2022
41.0,1.0,1.0,49533.0,6038.0,2022
41.0,1.0,2.0,654.0,81.0,2022
41.0,1.0,3.0,364.0,52.0,2022
41.0,1.0,4.0,969.0,116.0,2022
41.0,1.0,5.0,1625.0,186.0,2022
41.0,1.0,6.0,637.0,77.0,2022
42.0,1.0,1.0,185728.0,32505.0,2022
42.0,1.0,2.0,15976.0,2378.0,2022
42.0,1.0,3.0,1071.0,140.0,2022
42.0,1.0,4.0,2997.0,416.0,2022
42.0,1.0,5.0,4678.0,631.0,2022
44.0,1.0,0.0,189.0,20.0,2022
44.0,1.0,1.0,14067.0,2509.0,2022
44.0,1.0,3.0,113.0,19.0,2022
44.0,1.0,4.0,140.0,20.0,2022
44.0,1.0,5.0,668.0,66.0,2022
45.0,1.0,1.0,87830.0,12109.0,2022
45.0,1.0,3.0,368.0,40.0,2022
45.0,1.0,4.0,412.0,47.0,2022
45.0,1.0,5.0,870.0,129.0,2022
46.0,1.0,1.0,14509.0,3005.0,2022
47.0,1.0,1.0,107372.0,19465.0,2022
47.0,1.0,3.0,339.0,40.0,2022
47.0,1.0,4.0,536.0,87.0,2022
47.0,1.0,5.0,867.0,123.0,2022
48.0,1.0,0.0,2090.0,163.0,2022
48.0,1.0,1.0,303454.0,45171.0,2022
48.0,1.0,2.0,38285.0,5552.0,2022
48.0,1.0,3.0,1859.0,190.0,2022
48.0,1.0,4.0,9065.0,856.0,2022
48.0,1.0,5.0,66163.0,11672.0,2022
48.0,1.0,6.0,765.0,114.0,2022
49.0,1.0,1.0,29274.0,4338.0,2022
49.0,1.0,3.0,159.0,23.0,2022
49.0,1.0,4.0,393.0,41.0,2022
49.0,1.0,5.0,1236.0,175.0,2022
50.0,1.0,1.0,15084.0,2077.0,2022
51.0,1.0,1.0,124013.0,19217.0,2022
51.0,1.0,2.0,24272.0,3783.0,2022
51.0,1.0,3.0,1159.0,163.0,2022
51.0,1.0,4.0,4464.0,515.0,2022
51.0,1.0,5.0,2720.0,379.0,2022
53.0,1.0,0.0,1065.0,105.0,2022
53.0,1.0,1.0,93489.0,12611.0,2022
53.0,1.0,2.0,2146.0,331.0,2022
53.0,1.0,3.0,1035.0,141.0,2022
53.0,1.0,4.0,4063.0,636.0,2022
53.0,1.0,5.0,3569.0,432.0,2022
53.0,1.0,6.0,1106.0,191.0,2022
54.0,1.0,1.0,37564.0,6088.0,2022
54.0,1.0,2.0,1030.0,150.0,2022
54.0,1.0,5.0,178.0,27.0,2022
55.0,1.0,0.0,837.0,54.0,2022
55.0,1.0,1.0,74757.0,12784.0,2022
55.0,1.0,2.0,3313.0,549.0,2022
55.0,1.0,3.0,335.0,50.0,2022
55.0,1.0,4.0,734.0,102.0,2022
55.0,1.0,5.0,1651.0,222.0,2022
55.0,1.0,6.0,696.0,107.0,2022
56.0,1.0,1.0,11148.0,1537.0,2022
72.0,1.0,1.0,168.0,15.0,2022
72.0,1.0,5.0,12941.0,1535.0,2022
1.0,2.0,1.0,60091.0,6865.0,2022
1.0,2.0,2.0,29011.0,3047.0,2022
1.0,2.0,3.0,220.0,26.0,2022
1.0,2.0,4.0,300.0,18.0,2022
1.0,2.0,5.0,490.0,34.0,2022
2.0,2.0,1.0,333.0,60.0,2022
4.0,2.0,0.0,506.0,32.0,2022
4.0,2.0,1.0,75823.0,10164.0,2022
4.0,2.0,2.0,4333.0,453.0,2022
4.0,2.0,3.0,585.0,56.0,2022
4.0,2.0,4.0,1556.0,177.0,2022
4.0,2.0,5.0,18694.0,2501.0,2022
4.0,2.0,6.0,635.0,81.0,2022
5.0,2.0,1.0,26179.0,2697.0,2022
5.0,2.0,2.0,6713.0,713.0,2022
5.0,2.0,4.0,129.0,12.0,2022
5.0,2.0,5.0,607.0,53.0,2022
5.0,2.0,6.0,161.0,13.0,2022
6.0,2.0,0.0,1899.0,143.0,2022
6.0,2.0,1.0,245282.0,33073.0,2022
6.0,2.0,2.0,30447.0,4691.0,2022
6.0,2.0,3.0,7552.0,758.0,2022
6.0,2.0,4.0,51021.0,5344.0,2022
6.0,2.0,5.0,106358.0,10888.0,2022
6.0,2.0,6.0,916.0,119.0,2022
8.0,2.0,0.0,439.0,29.0,2022
8.0,2.0,1.0,53972.0,8441.0,2022
8.0,2.0,2.0,2774.0,301.0,2022
8.0,2.0,3.0,380.0,39.0,2022
8.0,2.0,4.0,1089.0,103.0,2022
8.0,2.0,5.0,9159.0,885.0,2022
8.0,2.0,6.0,147.0,11.0,2022
9.0,2.0,0.0,600.0,31.0,2022
9.0,2.0,1.0,37756.0,5892.0,2022
9.0,2.0,3.0,369.0,47.0,2022
9.0,2.0,4.0,532.0,62.0,2022
9.0,2.0,5.0,4452.0,389.0,2022
10.0,2.0,1.0,4045.0,592.0,2022
10.0,2.0,5.0,248.0,26.0,2022
11.0,2.0,1.0,444.0,55.0,2022
11.0,2.0,2.0,3190.0,404.0,2022
11.0,2.0,5.0,149.0,13.0,2022
12.0,2.0,0.0,2827.0,204.0,2022
12.0,2.0,1.0,232843.0,24528.0,2022
12.0,2.0,2.0,53155.0,5019.0,2022
12.0,2.0,3.0,3019.0,238.0,2022
12.0,2.0,4.0,5256.0,377.0,2022
12.0,2.0,5.0,129531.0,9522.0,2022
12.0,2.0,6.0,294.0,20.0,2022
13.0,2.0,1.0,76557.0,8846.0,2022
13.0,2.0,2.0,51336.0,5086.0,2022
13.0,2.0,3.0,595.0,67.0,2022
13.0,2.0,4.0,2997.0,113.0,2022
13.0,2.0,5.0,2867.0,229.0,2022
15.0,2.0,1.0,5700.0,602.0,2022
15.0,2.0,3.0,2615.0,278.0,2022
15.0,2.0,4.0,14675.0,1601.0,2022
15.0,2.0,5.0,1836.0,163.0,2022
16.0,2.0,1.0,17651.0,2188.0,2022
16.0,2.0,4.0,151.0,26.0,2022
16.0,2.0,5.0,733.0,75.0,2022
17.0,2.0,1.0,74717.0,10923.0,2022
17.0,2.0,2.0,26459.0,3181.0,2022
17.0,2.0,3.0,870.0,86.0,2022
17.0,2.0,4.0,2695.0,231.0,2022
17.0,2.0,5.0,11638.0,1027.0,2022
18.0,2.0,1.0,66609.0,9367.0,2022
18.0,2.0,3.0,266.0,33.0,2022
18.0,2.0,4.0,394.0,41.0,2022
18.0,2.0,5.0,1887.0,212.0,2022
19.0,2.0,1.0,24654.0,3271.0,2022
19.0,2.0,2.0,926.0,80.0,2022
19.0,2.0,3.0,85.0,9.0,2022
19.0,2.0,4.0,291.0,22.0,2022
19.0,2.0,5.0,416.0,34.0,2022
20.0,2.0,0.0,85.0,13.0,2022
20.0,2.0,1.0,16618.0,2739.0,2022
20.0,2.0,2.0,2325.0,298.0,2022
20.0,2.0,3.0,89.0,14.0,2022
20.0,2.0,4.0,307.0,18.0,2022
20.0,2.0,5.0,883.0,107.0,2022
20.0,2.0,6.0,139.0,15.0,2022
21.0,2.0,0.0,258.0,20.0,2022
21.0,2.0,1.0,51284.0,6931.0,2022
21.0,2.0,3.0,145.0,11.0,2022
21.0,2.0,4.0,206.0,17.0,2022
21.0,2.0,5.0,405.0,34.0,2022
22.0,2.0,1.0,41936.0,5342.0,2022
22.0,2.0,3.0,246.0,33.0,2022
22.0,2.0,4.0,486.0,42.0,2022
22.0,2.0,5.0,1945.0,241.0,2022
23.0,2.0,0.0,207.0,12.0,2022
23.0,2.0,1.0,16011.0,1859.0,2022
24.0,2.0,0.0,190.0,17.0,2022
24.0,2.0,1.0,14234.0,2427.0,2022
24.0,2.0,3.0,212.0,31.0,2022
24.0,2.0,4.0,804.0,113.0,2022
24.0,2.0,5.0,805.0,84.0,2022
25.0,2.0,1.0,49149.0,6792.0,2022
25.0,2.0,3.0,849.0,109.0,2022
25.0,2.0,4.0,3629.0,361.0,2022
25.0,2.0,5.0,8747.0,736.0,2022
26.0,2.0,0.0,1199.0,90.0,2022
26.0,2.0,1.0,135633.0,17310.0,2022
26.0,2.0,2.0,24795.0,3387.0,2022
26.0,2.0,3.0,833.0,99.0,2022
26.0,2.0,4.0,1127.0,110.0,2022
26.0,2.0,5.0,3002.0,336.0,2022
26.0,2.0,6.0,319.0,42.0,2022
27.0,2.0,0.0,669.0,63.0,2022
27.0,2.0,1.0,70064.0,11232.0,2022
27.0,2.0,2.0,2164.0,263.0,2022
27.0,2.0,3.0,453.0,46.0,2022
27.0,2.0,4.0,1572.0,169.0,2022
27.0,2.0,5.0,881.0,98.0,2022
27.0,2.0,6.0,373.0,64.0,2022
28.0,2.0,1.0,14160.0,1616.0,2022
28.0,2.0,2.0,12478.0,1393.0,2022
28.0,2.0,5.0,198.0,23.0,2022
29.0,2.0,0.0,353.0,28.0,2022
29.0,2.0,1.0,72302.0,9175.0,2022
29.0,2.0,2.0,11201.0,1318.0,2022
29.0,2.0,3.0,262.0,25.0,2022
29.0,2.0,4.0,484.0,35.0,2022
29.0,2.0,5.0,1109.0,124.0,2022
29.0,2.0,6.0,171.0,14.0,2022
30.0,2.0,1.0,6903.0,818.0,2022
30.0,2.0,5.0,118.0,11.0,2022
30.0,2.0,6.0,151.0,22.0,2022
31.0,2.0,1.0,11580.0,1669.0,2022
31.0,2.0,2.0,891.0,113.0,2022
31.0,2.0,5.0,434.0,42.0,2022
32.0,2.0,0.0,183.0,12.0,2022
32.0,2.0,1.0,24158.0,2864.0,2022
32.0,2.0,2.0,3415.0,406.0,2022
32.0,2.0,3.0,524.0,57.0,2022
32.0,2.0,4.0,1895.0,215.0,2022
32.0,2.0,5.0,4183.0,410.0,2022
32.0,2.0,6.0,94.0,14.0,2022
33.0,2.0,1.0,8620.0,1408.0,2022
33.0,2.0,5.0,171.0,20.0,2022
34.0,2.0,1.0,57112.0,7056.0,2022
34.0,2.0,2.0,16422.0,1922.0,2022
34.0,2.0,3.0,892.0,99.0,2022
34.0,2.0,4.0,3099.0,278.0,2022
34.0,2.0,5.0,19260.0,1457.0,2022
35.0,2.0,1.0,14430.0,1644.0,2022
35.0,2.0,2.0,425.0,65.0,2022
35.0,2.0,3.0,120.0,15.0,2022
35.0,2.0,4.0,194.0,16.0,2022
35.0,2.0,5.0,10582.0,1016.0,2022
36.0,2.0,0.0,3373.0,256.0,2022
36.0,2.0,1.0,155752.0,21287.0,2022
36.0,2.0,2.0,44236.0,7035.0,2022
36.0,2.0,3.0,3959.0,424.0,2022
36.0,2.0,4.0,21629.0,1783.0,2022
36.0,2.0,5.0,51284.0,5051.0,2022
36.0,2.0,6.0,586.0,50.0,2022
37.0,2.0,0.0,582.0,30.0,2022
37.0,2.0,1.0,89743.0,12411.0,2022
37.0,2.0,2.0,34490.0,3977.0,2022
37.0,2.0,3.0,885.0,89.0,2022
37.0,2.0,4.0,869.0,86.0,2022
37.0,2.0,5.0,2250.0,215.0,2022
37.0,2.0,6.0,659.0,80.0,2022
38.0,2.0,1.0,4115.0,698.0,2022
39.0,2.0,1.0,162235.0,23500.0,2022
39.0,2.0,3.0,853.0,108.0,2022
39.0,2.0,4.0,1494.0,179.0,2022
39.0,2.0,5.0,3011.0,248.0,2022
40.0,2.0,1.0,26608.0,3124.0,2022
40.0,2.0,2.0,3037.0,310.0,2022
40.0,2.0,4.0,285.0,35.0,2022
40.0,2.0,5.0,819.0,62.0,2022
40.0,2.0,6.0,1628.0,206.0,2022
41.0,2.0,0.0,572.0,51.0,2022
41.0,2.0,1.0,64440.0,7728.0,2022
41.0,2.0,2.0,1379.0,132.0,2022
41.0,2.0,3.0,560.0,52.0,2022
41.0,2.0,4.0,2277.0,191.0,2022
41.0,2.0,5.0,2016.0,163.0,2022
41.0,2.0,6.0,351.0,41.0,2022
42.0,2.0,1.0,186355.0,28390.0,2022
42.0,2.0,2.0,25857.0,3439.0,2022
42.0,2.0,3.0,924.0,122.0,2022
42.0,2.0,4.0,2566.0,283.0,2022
42.0,2.0,5.0,7441.0,693.0,2022
44.0,2.0,0.0,148.0,17.0,2022
44.0,2.0,1.0,16232.0,2505.0,2022
44.0,2.0,3.0,227.0,27.0,2022
44.0,2.0,4.0,187.0,23.0,2022
44.0,2.0,5.0,1680.0,158.0,2022
45.0,2.0,1.0,36329.0,4874.0,2022
45.0,2.0,3.0,161.0,22.0,2022
45.0,2.0,4.0,300.0,27.0,2022
45.0,2.0,5.0,918.0,70.0,2022
46.0,2.0,1.0,6621.0,1105.0,2022
47.0,2.0,1.0,90895.0,10785.0,2022
47.0,2.0,3.0,286.0,28.0,2022
47.0,2.0,4.0,528.0,41.0,2022
47.0,2.0,5.0,1047.0,91.0,2022
48.0,2.0,0.0,1303.0,97.0,2022
48.0,2.0,1.0,187866.0,23361.0,2022
48.0,2.0,2.0,53020.0,6022.0,2022
48.0,2.0,3.0,1463.0,139.0,2022
48.0,2.0,4.0,9702.0,753.0,2022
48.0,2.0,5.0,120182.0,11437.0,2022
48.0,2.0,6.0,450.0,57.0,2022
49.0,2.0,1.0,22188.0,2806.0,2022
49.0,2.0,3.0,169.0,13.0,2022
49.0,2.0,4.0,422.0,59.0,2022
49.0,2.0,5.0,1380.0,132.0,2022
50.0,2.0,1.0,2401.0,265.0,2022
51.0,2.0,1.0,42685.0,5572.0,2022
51.0,2.0,2.0,19185.0,2352.0,2022
51.0,2.0,3.0,376.0,34.0,2022
51.0,2.0,4.0,2040.0,141.0,2022
51.0,2.0,5.0,1629.0,156.0,2022
53.0,2.0,0.0,820.0,55.0,2022
53.0,2.0,1.0,56584.0,7197.0,2022
53.0,2.0,2.0,2480.0,291.0,2022
53.0,2.0,3.0,792.0,71.0,2022
53.0,2.0,4.0,4501.0,512.0,2022
53.0,2.0,5.0,2568.0,274.0,2022
53.0,2.0,6.0,444.0,48.0,2022
54.0,2.0,1.0,24218.0,3584.0,2022
54.0,2.0,2.0,793.0,102.0,2022
54.0,2.0,5.0,102.0,16.0,2022
55.0,2.0,0.0,584.0,49.0,2022
55.0,2.0,1.0,73503.0,10354.0,2022
55.0,2.0,2.0,6475.0,636.0,2022
55.0,2.0,3.0,312.0,33.0,2022
55.0,2.0,4.0,578.0,71.0,2022
55.0,2.0,5.0,1995.0,191.0,2022
55.0,2.0,6.0,365.0,46.0,2022
56.0,2.0,1.0,897.0,127.0,2022
72.0,2.0,1.0,301.0,34.0,2022
72.0,2.0,5.0,137943.0,11206.0,2022
1.0,1.0,1.0,89725.0,12043.0,2023
1.0,1.0,2.0,17869.0,2306.0,2023
1.0,1.0,3.0,251.0,27.0,2023
1.0,1.0,4.0,347.0,36.0,2023
1.0,1.0,5.0,639.0,88.0,2023
2.0,1.0,1.0,9265.0,984.0,2023
4.0,1.0,0.0,756.0,44.0,2023
4.0,1.0,1.0,88135.0,11351.0,2023
4.0,1.0,2.0,2237.0,323.0,2023
4.0,1.0,3.0,699.0,60.0,2023
4.0,1.0,4.0,1163.0,159.0,2023
4.0,1.0,5.0,7562.0,796.0,2023
4.0,1.0,6.0,4050.0,674.0,2023
5.0,1.0,1.0,75621.0,11587.0,2023
5.0,1.0,2.0,7469.0,1072.0,2023
5.0,1.0,4.0,328.0,36.0,2023
5.0,1.0,5.0,811.0,105.0,2023
5.0,1.0,6.0,291.0,37.0,2023
6.0,1.0,0.0,6216.0,367.0,2023
6.0,1.0,1.0,347170.0,42192.0,2023
6.0,1.0,2.0,28227.0,3916.0,2023
6.0,1.0,3.0,9063.0,1031.0,2023
6.0,1.0,4.0,65619.0,8179.0,2023
6.0,1.0,5.0,81897.0,9539.0,2023
6.0,1.0,6.0,2094.0,287.0,2023
8.0,1.0,0.0,748.0,41.0,2023
8.0,1.0,1.0,60692.0,8000.0,2023
8.0,1.0,2.0,2261.0,293.0,2023
8.0,1.0,3.0,495.0,56.0,2023
8.0,1.0,4.0,952.0,96.0,2023
8.0,1.0,5.0,5680.0,791.0,2023
8.0,1.0,6.0,205.0,22.0,2023
9.0,1.0,0.0,732.0,63.0,2023
9.0,1.0,1.0,61848.0,9723.0,2023
9.0,1.0,3.0,525.0,66.0,2023
9.0,1.0,4.0,883.0,113.0,2023
9.0,1.0,5.0,3834.0,529.0,2023
10.0,1.0,1.0,19370.0,3117.0,2023
10.0,1.0,5.0,502.0,58.0,2023
11.0,1.0,1.0,3980.0,501.0,2023
11.0,1.0,2.0,8748.0,1216.0,2023
11.0,1.0,5.0,435.0,47.0,2023
12.0,1.0,0.0,4002.0,271.0,2023
12.0,1.0,1.0,366039.0,46425.0,2023
12.0,1.0,2.0,35385.0,5478.0,2023
12.0,1.0,3.0,2994.0,296.0,2023
12.0,1.0,4.0,4602.0,562.0,2023
12.0,1.0,5.0,56937.0,6304.0,2023
12.0,1.0,6.0,360.0,46.0,2023
13.0,1.0,1.0,124059.0,18585.0,2023
13.0,1.0,2.0,32379.0,4883.0,2023
13.0,1.0,3.0,750.0,86.0,2023
13.0,1.0,4.0,1773.0,175.0,2023
13.0,1.0,5.0,2583.0,271.0,2023
15.0,1.0,1.0,5773.0,583.0,2023
15.0,1.0,3.0,2230.0,222.0,2023
15.0,1.0,4.0,10247.0,1023.0,2023
15.0,1.0,5.0,984.0,93.0,2023
16.0,1.0,1.0,28755.0,4027.0,2023
16.0,1.0,4.0,215.0,37.0,2023
16.0,1.0,5.0,962.0,93.0,2023
17.0,1.0,1.0,212311.0,29497.0,2023
17.0,1.0,2.0,29389.0,3811.0,2023
17.0,1.0,3.0,1554.0,156.0,2023
17.0,1.0,4.0,5013.0,608.0,2023
17.0,1.0,5.0,12211.0,1655.0,2023
18.0,1.0,1.0,127854.0,19251.0,2023
18.0,1.0,3.0,502.0,72.0,2023
18.0,1.0,4.0,755.0,97.0,2023
18.0,1.0,5.0,1995.0,250.0,2023
19.0,1.0,1.0,62237.0,11272.0,2023
19.0,1.0,2.0,844.0,123.0,2023
19.0,1.0,3.0,234.0,33.0,2023
19.0,1.0,4.0,299.0,44.0,2023
19.0,1.0,5.0,616.0,79.0,2023
20.0,1.0,0.0,400.0,22.0,2023
20.0,1.0,1.0,58960.0,9459.0,2023
20.0,1.0,2.0,2271.0,388.0,2023
20.0,1.0,3.0,283.0,37.0,2023
20.0,1.0,4.0,439.0,41.0,2023
20.0,1.0,5.0,1722.0,239.0,2023
20.0,1.0,6.0,378.0,59.0,2023
21.0,1.0,0.0,382.0,33.0,2023
21.0,1.0,1.0,75905.0,11835.0,2023
21.0,1.0,3.0,234.0,28.0,2023
21.0,1.0,4.0,260.0,24.0,2023
21.0,1.0,5.0,481.0,56.0,2023
22.0,1.0,1.0,69118.0,9209.0,2023
22.0,1.0,3.0,321.0,45.0,2023
22.0,1.0,4.0,523.0,72.0,2023
22.0,1.0,5.0,1681.0,235.0,2023
23.0,1.0,0.0,245.0,13.0,2023
23.0,1.0,1.0,30620.0,4078.0,2023
24.0,1.0,0.0,1765.0,135.0,2023
24.0,1.0,1.0,106532.0,13831.0,2023
24.0,1.0,3.0,1405.0,126.0,2023
24.0,1.0,4.0,5886.0,459.0,2023
24.0,1.0,5.0,3840.0,366.0,2023
25.0,1.0,1.0,135743.0,17658.0,2023
25.0,1.0,3.0,1552.0,162.0,2023
25.0,1.0,4.0,2370.0,258.0,2023
25.0,1.0,5.0,7082.0,588.0,2023
26.0,1.0,0.0,2051.0,168.0,2023
26.0,1.0,1.0,147295.0,18811.0,2023
26.0,1.0,2.0,26448.0,3408.0,2023
26.0,1.0,3.0,1275.0,156.0,2023
26.0,1.0,4.0,2167.0,282.0,2023
26.0,1.0,5.0,3381.0,351.0,2023
26.0,1.0,6.0,673.0,118.0,2023
27.0,1.0,0.0,813.0,67.0,2023
27.0,1.0,1.0,79030.0,11696.0,2023
27.0,1.0,2.0,2257.0,233.0,2023
27.0,1.0,3.0,382.0,43.0,2023
27.0,1.0,4.0,749.0,93.0,2023
27.0,1.0,5.0,803.0,93.0,2023
27.0,1.0,6.0,758.0,132.0,2023
28.0,1.0,1.0,68946.0,10449.0,2023
28.0,1.0,2.0,23142.0,3426.0,2023
28.0,1.0,5.0,533.0,92.0,2023
29.0,1.0,0.0,732.0,57.0,2023
29.0,1.0,1.0,118800.0,19752.0,2023
29.0,1.0,2.0,9990.0,1546.0,2023
29.0,1.0,3.0,400.0,38.0,2023
29.0,1.0,4.0,774.0,87.0,2023
29.0,1.0,5.0,1226.0,150.0,2023
29.0,1.0,6.0,210.0,33.0,2023
30.0,1.0,1.0,20522.0,3141.0,2023
30.0,1.0,5.0,228.0,35.0,2023
30.0,1.0,6.0,904.0,134.0,2023
31.0,1.0,1.0,46940.0,6714.0,2023
31.0,1.0,2.0,844.0,168.0,2023
31.0,1.0,5.0,800.0,100.0,2023
32.0,1.0,0.0,382.0,22.0,2023
32.0,1.0,1.0,32534.0,4386.0,2023
32.0,1.0,2.0,3701.0,433.0,2023
32.0,1.0,3.0,637.0,62.0,2023
32.0,1.0,4.0,2289.0,330.0,2023
32.0,1.0,5.0,4467.0,625.0,2023
32.0,1.0,6.0,354.0,67.0,2023
33.0,1.0,1.0,35533.0,4094.0,2023
33.0,1.0,5.0,290.0,24.0,2023
34.0,1.0,1.0,156605.0,23734.0,2023
34.0,1.0,2.0,16998.0,2749.0,2023
34.0,1.0,3.0,1795.0,205.0,2023
34.0,1.0,4.0,7213.0,751.0,2023
34.0,1.0,5.0,15167.0,2180.0,2023
35.0,1.0,1.0,20815.0,3196.0,2023
35.0,1.0,2.0,565.0,62.0,2023
35.0,1.0,3.0,162.0,13.0,2023
35.0,1.0,4.0,214.0,28.0,2023
35.0,1.0,5.0,9584.0,1124.0,2023
36.0,1.0,0.0,5677.0,355.0,2023
36.0,1.0,1.0,260577.0,40360.0,2023
36.0,1.0,2.0,38944.0,4843.0,2023
36.0,1.0,3.0,5007.0,534.0,2023
36.0,1.0,4.0,14758.0,1909.0,2023
36.0,1.0,5.0,29299.0,3434.0,2023
36.0,1.0,6.0,496.0,94.0,2023
37.0,1.0,0.0,1146.0,101.0,2023
37.0,1.0,1.0,144621.0,21948.0,2023
37.0,1.0,2.0,33687.0,4802.0,2023
37.0,1.0,3.0,1209.0,159.0,2023
37.0,1.0,4.0,1561.0,199.0,2023
37.0,1.0,5.0,2601.0,323.0,2023
37.0,1.0,6.0,1058.0,146.0,2023
38.0,1.0,1.0,15094.0,2137.0,2023
39.0,1.0,1.0,181214.0,29777.0,2023
39.0,1.0,3.0,971.0,135.0,2023
39.0,1.0,4.0,1422.0,176.0,2023
39.0,1.0,5.0,2023.0,279.0,2023
40.0,1.0,1.0,71133.0,10736.0,2023
40.0,1.0,2.0,4466.0,791.0,2023
40.0,1.0,4.0,539.0,76.0,2023
40.0,1.0,5.0,1523.0,220.0,2023
40.0,1.0,6.0,6872.0,1125.0,2023
41.0,1.0,0.0,495.0,31.0,2023
41.0,1.0,1.0,53054.0,5476.0,2023
41.0,1.0,2.0,723.0,78.0,2023
41.0,1.0,3.0,387.0,47.0,2023
41.0,1.0,4.0,1102.0,126.0,2023
41.0,1.0,5.0,1864.0,170.0,2023
41.0,1.0,6.0,684.0,70.0,2023
42.0,1.0,1.0,202591.0,31591.0,2023
42.0,1.0,2.0,16992.0,2191.0,2023
42.0,1.0,3.0,1162.0,128.0,2023
42.0,1.0,4.0,3404.0,409.0,2023
42.0,1.0,5.0,5325.0,655.0,2023
44.0,1.0,0.0,203.0,20.0,2023
44.0,1.0,1.0,15500.0,2463.0,2023
44.0,1.0,3.0,124.0,20.0,2023
44.0,1.0,4.0,156.0,20.0,2023
44.0,1.0,5.0,732.0,60.0,2023
45.0,1.0,1.0,96414.0,11594.0,2023
45.0,1.0,3.0,422.0,37.0,2023
45.0,1.0,4.0,435.0,43.0,2023
45.0,1.0,5.0,959.0,132.0,2023
46.0,1.0,1.0,15799.0,3146.0,2023
47.0,1.0,1.0,113596.0,21156.0,2023
47.0,1.0,3.0,362.0,37.0,2023
47.0,1.0,4.0,604.0,92.0,2023
47.0,1.0,5.0,931.0,135.0,2023
48.0,1.0,0.0,2358.0,161.0,2023
48.0,1.0,1.0,347321.0,47522.0,2023
48.0,1.0,2.0,41448.0,5678.0,2023
48.0,1.0,3.0,2002.0,187.0,2023
48.0,1.0,4.0,10120.0,835.0,2023
48.0,1.0,5.0,73706.0,12635.0,2023
48.0,1.0,6.0,843.0,105.0,2023
49.0,1.0,1.0,30975.0,4705.0,2023
49.0,1.0,3.0,169.0,23.0,2023
49.0,1.0,4.0,439.0,37.0,2023
49.0,1.0,5.0,1412.0,192.0,2023
50.0,1.0,1.0,16757.0,2246.0,2023
51.0,1.0,1.0,138138.0,19765.0,2023
51.0,1.0,2.0,27007.0,3604.0,2023
51.0,1.0,3.0,1324.0,147.0,2023
51.0,1.0,4.0,4813.0,521.0,2023
51.0,1.0,5.0,2861.0,366.0,2023
53.0,1.0,0.0,1221.0,115.0,2023
53.0,1.0,1.0,104739.0,12088.0,2023
53.0,1.0,2.0,2414.0,339.0,2023
53.0,1.0,3.0,1116.0,153.0,2023
53.0,1.0,4.0,4590.0,680.0,2023
53.0,1.0,5.0,3932.0,390.0,2023
53.0,1.0,6.0,1170.0,206.0,2023
54.0,1.0,1.0,40011.0,6175.0,2023
54.0,1.0,2.0,1098.0,164.0,2023
54.0,1.0,5.0,200.0,26.0,2023
55.0,1.0,0.0,932.0,58.0,2023
55.0,1.0,1.0,85211.0,13042.0,2023
55.0,1.0,2.0,3794.0,507.0,2023
55.0,1.0,3.0,355.0,50.0,2023
55.0,1.0,4.0,842.0,112.0,2023
55.0,1.0,5.0,1790.0,225.0,2023
55.0,1.0,6.0,753.0,103.0,2023
56.0,1.0,1.0,12375.0,1587.0,2023
72.0,1.0,1.0,183.0,14.0,2023
72.0,1.0,5.0,13807.0,1562.0,2023
1.0,2.0,1.0,63585.0,6449.0,2023
1.0,2.0,2.0,32533.0,2987.0,2023
1.0,2.0,3.0,248.0,25.0,2023
1.0,2.0,4.0,340.0,18.0,2023
1.0,2.0,5.0,518.0,34.0,2023
2.0,2.0,1.0,378.0,62.0,2023
4.0,2.0,0.0,536.0,34.0,2023
4.0,2.0,1.0,81415.0,10915.0,2023
4.0,2.0,2.0,4956.0,439.0,2023
4.0,2.0,3.0,637.0,58.0,2023
4.0,2.0,4.0,1650.0,165.0,2023
4.0,2.0,5.0,20298.0,2563.0,2023
4.0,2.0,6.0,678.0,79.0,2023
5.0,2.0,1.0,27586.0,2700.0,2023
5.0,2.0,2.0,7440.0,729.0,2023
5.0,2.0,4.0,145.0,13.0,2023
5.0,2.0,5.0,661.0,49.0,2023
5.0,2.0,6.0,184.0,14.0,2023
6.0,2.0,0.0,2057.0,137.0,2023
6.0,2.0,1.0,271822.0,31322.0,2023
6.0,2.0,2.0,34409.0,4421.0,2023
6.0,2.0,3.0,8406.0,691.0,2023
6.0,2.0,4.0,57734.0,5072.0,2023
6.0,2.0,5.0,115008.0,10080.0,2023
6.0,2.0,6.0,1030.0,113.0,2023
8.0,2.0,0.0,475.0,30.0,2023
8.0,2.0,1.0,57165.0,8197.0,2023
8.0,2.0,2.0,3085.0,305.0,2023
8.0,2.0,3.0,415.0,37.0,2023
8.0,2.0,4.0,1211.0,106.0,2023
8.0,2.0,5.0,10032.0,901.0,2023
8.0,2.0,6.0,156.0,12.0,2023
9.0,2.0,0.0,657.0,28.0,2023
9.0,2.0,1.0,39880.0,5520.0,2023
9.0,2.0,3.0,393.0,46.0,2023
9.0,2.0,4.0,587.0,59.0,2023
9.0,2.0,5.0,5112.0,368.0,2023
10.0,2.0,1.0,4458.0,598.0,2023
10.0,2.0,5.0,267.0,26.0,2023
11.0,2.0,1.0,508.0,57.0,2023
11.0,2.0,2.0,3622.0,413.0,2023
11.0,2.0,5.0,157.0,13.0,2023
12.0,2.0,0.0,3124.0,187.0,2023
12.0,2.0,1.0,260615.0,26976.0,2023
12.0,2.0,2.0,58711.0,5078.0,2023
12.0,2.0,3.0,3471.0,249.0,2023
12.0,2.0,4.0,5536.0,397.0,2023
12.0,2.0,5.0,143788.0,8602.0,2023
12.0,2.0,6.0,326.0,19.0,2023
13.0,2.0,1.0,86666.0,8717.0,2023
13.0,2.0,2.0,55313.0,4659.0,2023
13.0,2.0,3.0,642.0,73.0,2023
13.0,2.0,4.0,3238.0,109.0,2023
13.0,2.0,5.0,3020.0,237.0,2023
15.0,2.0,1.0,6137.0,595.0,2023
15.0,2.0,3.0,2869.0,261.0,2023
15.0,2.0,4.0,16427.0,1596.0,2023
15.0,2.0,5.0,2095.0,156.0,2023
16.0,2.0,1.0,19461.0,2353.0,2023
16.0,2.0,4.0,161.0,26.0,2023
16.0,2.0,5.0,798.0,74.0,2023
17.0,2.0,1.0,82428.0,11565.0,2023
17.0,2.0,2.0,29868.0,3195.0,2023
17.0,2.0,3.0,961.0,82.0,2023
17.0,2.0,4.0,2869.0,246.0,2023
17.0,2.0,5.0,12921.0,1023.0,2023
18.0,2.0,1.0,70572.0,9362.0,2023
18.0,2.0,3.0,304.0,32.0,2023
18.0,2.0,4.0,443.0,44.0,2023
18.0,2.0,5.0,2162.0,194.0,2023
19.0,2.0,1.0,25906.0,3170.0,2023
19.0,2.0,2.0,1043.0,88.0,2023
19.0,2.0,3.0,98.0,8.0,2023
19.0,2.0,4.0,309.0,24.0,2023
19.0,2.0,5.0,456.0,37.0,2023
20.0,2.0,0.0,92.0,13.0,2023
20.0,2.0,1.0,17579.0,2968.0,2023
20.0,2.0,2.0,2599.0,279.0,2023
20.0,2.0,3.0,96.0,14.0,2023
20.0,2.0,4.0,350.0,17.0,2023
20.0,2.0,5.0,942.0,110.0,2023
20.0,2.0,6.0,153.0,16.0,2023
21.0,2.0,0.0,291.0,20.0,2023
21.0,2.0,1.0,56114.0,7469.0,2023
21.0,2.0,3.0,164.0,11.0,2023
21.0,2.0,4.0,224.0,17.0,2023
21.0,2.0,5.0,446.0,37.0,2023
22.0,2.0,1.0,47757.0,5662.0,2023
22.0,2.0,3.0,261.0,35.0,2023
22.0,2.0,4.0,546.0,40.0,2023
22.0,2.0,5.0,2085.0,217.0,2023
23.0,2.0,0.0,236.0,12.0,2023
23.0,2.0,1.0,18188.0,1826.0,2023
24.0,2.0,0.0,208.0,19.0,2023
24.0,2.0,1.0,15014.0,2536.0,2023
24.0,2.0,3.0,233.0,31.0,2023
24.0,2.0,4.0,845.0,113.0,2023
24.0,2.0,5.0,884.0,92.0,2023
25.0,2.0,1.0,55092.0,7367.0,2023
25.0,2.0,3.0,907.0,99.0,2023
25.0,2.0,4.0,3914.0,347.0,2023
25.0,2.0,5.0,9200.0,695.0,2023
26.0,2.0,0.0,1349.0,86.0,2023
26.0,2.0,1.0,154992.0,18774.0,2023
26.0,2.0,2.0,27546.0,3478.0,2023
26.0,2.0,3.0,934.0,92.0,2023
26.0,2.0,4.0,1232.0,108.0,2023
26.0,2.0,5.0,3230.0,314.0,2023
26.0,2.0,6.0,339.0,40.0,2023
27.0,2.0,0.0,721.0,61.0,2023
27.0,2.0,1.0,76809.0,11842.0,2023
27.0,2.0,2.0,2430.0,250.0,2023
27.0,2.0,3.0,479.0,50.0,2023
27.0,2.0,4.0,1783.0,158.0,2023
27.0,2.0,5.0,959.0,93.0,2023
27.0,2.0,6.0,415.0,67.0,2023
28.0,2.0,1.0,15539.0,1733.0,2023
28.0,2.0,2.0,13944.0,1519.0,2023
28.0,2.0,5.0,215.0,22.0,2023
29.0,2.0,0.0,389.0,30.0,2023
29.0,2.0,1.0,75966.0,8829.0,2023
29.0,2.0,2.0,12655.0,1353.0,2023
29.0,2.0,3.0,275.0,24.0,2023
29.0,2.0,4.0,512.0,37.0,2023
29.0,2.0,5.0,1230.0,119.0,2023
29.0,2.0,6.0,182.0,15.0,2023
30.0,2.0,1.0,7509.0,781.0,2023
30.0,2.0,5.0,133.0,12.0,2023
30.0,2.0,6.0,173.0,20.0,2023
31.0,2.0,1.0,12981.0,1642.0,2023
31.0,2.0,2.0,975.0,108.0,2023
31.0,2.0,5.0,476.0,42.0,2023
32.0,2.0,0.0,204.0,13.0,2023
32.0,2.0,1.0,25387.0,3053.0,2023
32.0,2.0,2.0,3858.0,381.0,2023
32.0,2.0,3.0,580.0,62.0,2023
32.0,2.0,4.0,1991.0,218.0,2023
32.0,2.0,5.0,4485.0,422.0,2023
32.0,2.0,6.0,106.0,15.0,2023
33.0,2.0,1.0,9430.0,1541.0,2023
33.0,2.0,5.0,182.0,19.0,2023
34.0,2.0,1.0,61939.0,7198.0,2023
34.0,2.0,2.0,18862.0,2051.0,2023
34.0,2.0,3.0,990.0,96.0,2023
34.0,2.0,4.0,3420.0,284.0,2023
34.0,2.0,5.0,22095.0,1558.0,2023
35.0,2.0,1.0,16538.0,1631.0,2023
35.0,2.0,2.0,475.0,63.0,2023
35.0,2.0,3.0,135.0,16.0,2023
35.0,2.0,4.0,206.0,16.0,2023
35.0,2.0,5.0,11868.0,959.0,2023
36.0,2.0,0.0,3561.0,241.0,2023
36.0,2.0,1.0,168276.0,21191.0,2023
36.0,2.0,2.0,50093.0,7441.0,2023
36.0,2.0,3.0,4397.0,459.0,2023
36.0,2.0,4.0,24687.0,1832.0,2023
36.0,2.0,5.0,55516.0,4854.0,2023
36.0,2.0,6.0,631.0,47.0,2023
37.0,2.0,0.0,629.0,29.0,2023
37.0,2.0,1.0,100224.0,13343.0,2023
37.0,2.0,2.0,39102.0,4175.0,2023
37.0,2.0,3.0,963.0,82.0,2023
37.0,2.0,4.0,941.0,83.0,2023
37.0,2.0,5.0,2466.0,230.0,2023
37.0,2.0,6.0,751.0,81.0,2023
38.0,2.0,1.0,4495.0,682.0,2023
39.0,2.0,1.0,177110.0,22691.0,2023
39.0,2.0,3.0,915.0,111.0,2023
39.0,2.0,4.0,1701.0,180.0,2023
39.0,2.0,5.0,3297.0,242.0,2023
40.0,2.0,1.0,28159.0,3197.0,2023
40.0,2.0,2.0,3278.0,314.0,2023
40.0,2.0,4.0,311.0,38.0,2023
40.0,2.0,5.0,896.0,59.0,2023
40.0,2.0,6.0,1771.0,227.0,2023
41.0,2.0,0.0,637.0,48.0,2023
41.0,2.0,1.0,73364.0,7339.0,2023
41.0,2.0,2.0,1482.0,130.0,2023
41.0,2.0,3.0,596.0,55.0,2023
41.0,2.0,4.0,2440.0,179.0,2023
41.0,2.0,5.0,2180.0,162.0,2023
41.0,2.0,6.0,377.0,45.0,2023
42.0,2.0,1.0,212985.0,27616.0,2023
42.0,2.0,2.0,28224.0,3139.0,2023
42.0,2.0,3.0,1055.0,112.0,2023
42.0,2.0,4.0,2778.0,264.0,2023
42.0,2.0,5.0,8546.0,712.0,2023
44.0,2.0,0.0,161.0,17.0,2023
44.0,2.0,1.0,17048.0,2319.0,2023
44.0,2.0,3.0,240.0,29.0,2023
44.0,2.0,4.0,215.0,24.0,2023
44.0,2.0,5.0,1780.0,165.0,2023
45.0,2.0,1.0,41581.0,5322.0,2023
45.0,2.0,3.0,178.0,24.0,2023
45.0,2.0,4.0,327.0,27.0,2023
45.0,2.0,5.0,1022.0,70.0,2023
46.0,2.0,1.0,7157.0,1061.0,2023
47.0,2.0,1.0,99425.0,10417.0,2023
47.0,2.0,3.0,315.0,27.0,2023
47.0,2.0,4.0,584.0,38.0,2023
47.0,2.0,5.0,1178.0,82.0,2023
48.0,2.0,0.0,1402.0,96.0,2023
48.0,2.0,1.0,209410.0,22824.0,2023
48.0,2.0,2.0,57658.0,5548.0,2023
48.0,2.0,3.0,1624.0,152.0,2023
48.0,2.0,4.0,10782.0,733.0,2023
48.0,2.0,5.0,132938.0,11449.0,2023
48.0,2.0,6.0,479.0,61.0,2023
49.0,2.0,1.0,25004.0,3064.0,2023
49.0,2.0,3.0,192.0,12.0,2023
49.0,2.0,4.0,463.0,56.0,2023
49.0,2.0,5.0,1520.0,131.0,2023
50.0,2.0,1.0,2534.0,284.0,2023
51.0,2.0,1.0,45684.0,5920.0,2023
51.0,2.0,2.0,21842.0,2374.0,2023
51.0,2.0,3.0,414.0,32.0,2023
51.0,2.0,4.0,2196.0,142.0,2023
51.0,2.0,5.0,1872.0,157.0,2023
53.0,2.0,0.0,925.0,50.0,2023
53.0,2.0,1.0,60637.0,7243.0,2023
53.0,2.0,2.0,2666.0,278.0,2023
53.0,2.0,3.0,837.0,66.0,2023
53.0,2.0,4.0,5017.0,512.0,2023
53.0,2.0,5.0,2929.0,257.0,2023
53.0,2.0,6.0,476.0,46.0,2023
54.0,2.0,1.0,26644.0,3254.0,2023
54.0,2.0,2.0,885.0,110.0,2023
54.0,2.0,5.0,116.0,16.0,2023
55.0,2.0,0.0,623.0,54.0,2023
55.0,2.0,1.0,79495.0,10433.0,2023
55.0,2.0,2.0,7018.0,670.0,2023
55.0,2.0,3.0,335.0,35.0,2023
55.0,2.0,4.0,653.0,72.0,2023
55.0,2.0,5.0,2232.0,188.0,2023
55.0,2.0,6.0,398.0,50.0,2023
56.0,2.0,1.0,960.0,117.0,2023
72.0,2.0,1.0,331.0,35.0,2023
72.0,2.0,5.0,146308.0,12001.0,2023
1.0,1.0,1.0,102009.0,13120.0,2024
1.0,1.0,2.0,19268.0,2271.0,2024
1.0,1.0,3.0,275.0,29.0,2024
1.0,1.0,4.0,388.0,33.0,2024
1.0,1.0,5.0,684.0,94.0,2024
2.0,1.0,1.0,10130.0,946.0,2024
4.0,1.0,0.0,810.0,43.0,2024
4.0,1.0,1.0,97827.0,10844.0,2024
4.0,1.0,2.0,2547.0,293.0,2024
4.0,1.0,3.0,746.0,65.0,2024
4.0,1.0,4.0,1337.0,161.0,2024
4.0,1.0,5.0,8010.0,822.0,2024
4.0,1.0,6.0,4482.0,719.0,2024
5.0,1.0,1.0,86429.0,10914.0,2024
5.0,1.0,2.0,7943.0,1029.0,2024
5.0,1.0,4.0,370.0,34.0,2024
5.0,1.0,5.0,917.0,97.0,2024
5.0,1.0,6.0,328.0,38.0,2024
6.0,1.0,0.0,6876.0,347.0,2024
6.0,1.0,1.0,375913.0,42567.0,2024
6.0,1.0,2.0,29734.0,4094.0,2024
6.0,1.0,3.0,10191.0,930.0,2024
6.0,1.0,4.0,74405.0,8947.0,2024
6.0,1.0,5.0,86035.0,9997.0,2024
6.0,1.0,6.0,2203.0,299.0,2024
8.0,1.0,0.0,823.0,43.0,2024
8.0,1.0,1.0,63814.0,8156.0,2024
8.0,1.0,2.0,2522.0,283.0,2024
8.0,1.0,3.0,567.0,53.0,2024
8.0,1.0,4.0,1009.0,102.0,2024
8.0,1.0,5.0,6132.0,754.0,2024
8.0,1.0,6.0,225.0,21.0,2024
9.0,1.0,0.0,830.0,63.0,2024
9.0,1.0,1.0,66128.0,9601.0,2024
9.0,1.0,3.0,585.0,70.0,2024
9.0,1.0,4.0,949.0,116.0,2024
9.0,1.0,5.0,4056.0,516.0,2024
10.0,1.0,1.0,21162.0,2903.0,2024
10.0,1.0,5.0,559.0,63.0,2024
11.0,1.0,1.0,4240.0,542.0,2024
11.0,1.0,2.0,9870.0,1209.0,2024
11.0,1.0,5.0,480.0,43.0,2024
12.0,1.0,0.0,4203.0,257.0,2024
12.0,1.0,1.0,396706.0,49653.0,2024
12.0,1.0,2.0,40267.0,6013.0,2024
12.0,1.0,3.0,3268.0,289.0,2024
12.0,1.0,4.0,5017.0,521.0,2024
12.0,1.0,5.0,62001.0,5975.0,2024
12.0,1.0,6.0,399.0,47.0,2024
13.0,1.0,1.0,134372.0,19417.0,2024
13.0,1.0,2.0,36180.0,5192.0,2024
13.0,1.0,3.0,807.0,80.0,2024
13.0,1.0,4.0,2006.0,170.0,2024
13.0,1.0,5.0,2745.0,286.0,2024
15.0,1.0,1.0,6303.0,528.0,2024
15.0,1.0,3.0,2359.0,207.0,2024
15.0,1.0,4.0,11397.0,1061.0,2024
15.0,1.0,5.0,1047.0,98.0,2024
16.0,1.0,1.0,32492.0,4001.0,2024
16.0,1.0,4.0,239.0,34.0,2024
16.0,1.0,5.0,1030.0,93.0,2024
17.0,1.0,1.0,238992.0,31015.0,2024
17.0,1.0,2.0,31484.0,3518.0,2024
17.0,1.0,3.0,1694.0,166.0,2024
17.0,1.0,4.0,5572.0,586.0,2024
17.0,1.0,5.0,12982.0,1664.0,2024
18.0,1.0,1.0,137868.0,17620.0,2024
18.0,1.0,3.0,530.0,73.0,2024
18.0,1.0,4.0,806.0,90.0,2024
18.0,1.0,5.0,2234.0,250.0,2024
19.0,1.0,1.0,69403.0,10823.0,2024
19.0,1.0,2.0,961.0,124.0,2024
19.0,1.0,3.0,259.0,33.0,2024
19.0,1.0,4.0,327.0,45.0,2024
19.0,1.0,5.0,700.0,86.0,2024
20.0,1.0,0.0,434.0,24.0,2024
20.0,1.0,1.0,62892.0,8687.0,2024
20.0,1.0,2.0,2485.0,397.0,2024
20.0,1.0,3.0,304.0,38.0,2024
20.0,1.0,4.0,501.0,43.0,2024
20.0,1.0,5.0,1882.0,229.0,2024
20.0,1.0,6.0,423.0,63.0,2024
21.0,1.0,0.0,432.0,36.0,2024
21.0,1.0,1.0,86430.0,11006.0,2024
21.0,1.0,3.0,266.0,29.0,2024
21.0,1.0,4.0,274.0,26.0,2024
21.0,1.0,5.0,552.0,51.0,2024
22.0,1.0,1.0,73574.0,10116.0,2024
22.0,1.0,3.0,354.0,46.0,2024
22.0,1.0,4.0,590.0,65.0,2024
22.0,1.0,5.0,1871.0,240.0,2024
23.0,1.0,0.0,277.0,13.0,2024
23.0,1.0,1.0,35018.0,4455.0,2024
24.0,1.0,0.0,1898.0,138.0,2024
24.0,1.0,1.0,114197.0,13950.0,2024
24.0,1.0,3.0,1551.0,135.0,2024
24.0,1.0,4.0,6692.0,456.0,2024
24.0,1.0,5.0,4342.0,376.0,2024
25.0,1.0,1.0,155629.0,15991.0,2024
25.0,1.0,3.0,1758.0,171.0,2024
25.0,1.0,4.0,2518.0,274.0,2024
25.0,1.0,5.0,7768.0,568.0,2024
26.0,1.0,0.0,2347.0,184.0,2024
26.0,1.0,1.0,166893.0,18320.0,2024
26.0,1.0,2.0,28812.0,3745.0,2024
26.0,1.0,3.0,1436.0,163.0,2024
26.0,1.0,4.0,2312.0,298.0,2024
26.0,1.0,5.0,3580.0,345.0,2024
26.0,1.0,6.0,761.0,109.0,2024
27.0,1.0,0.0,869.0,63.0,2024
27.0,1.0,1.0,83965.0,12316.0,2024
27.0,1.0,2.0,2495.0,211.0,2024
27.0,1.0,3.0,405.0,39.0,2024
27.0,1.0,4.0,813.0,85.0,2024
27.0,1.0,5.0,883.0,99.0,2024
27.0,1.0,6.0,798.0,122.0,2024
28.0,1.0,1.0,73256.0,10587.0,2024
28.0,1.0,2.0,26529.0,3326.0,2024
28.0,1.0,5.0,598.0,85.0,2024
29.0,1.0,0.0,819.0,60.0,2024
29.0,1.0,1.0,131195.0,18300.0,2024
29.0,1.0,2.0,10660.0,1428.0,2024
29.0,1.0,3.0,442.0,38.0,2024
29.0,1.0,4.0,882.0,90.0,2024
29.0,1.0,5.0,1339.0,137.0,2024
29.0,1.0,6.0,233.0,33.0,2024
30.0,1.0,1.0,22138.0,3363.0,2024
30.0,1.0,5.0,255.0,33.0,2024
30.0,1.0,6.0,994.0,125.0,2024
31.0,1.0,1.0,50663.0,6268.0,2024
31.0,1.0,2.0,969.0,171.0,2024
31.0,1.0,5.0,891.0,100.0,2024
32.0,1.0,0.0,438.0,21.0,2024
32.0,1.0,1.0,34989.0,4126.0,2024
32.0,1.0,2.0,4173.0,420.0,2024
32.0,1.0,3.0,710.0,61.0,2024
32.0,1.0,4.0,2561.0,330.0,2024
32.0,1.0,5.0,5050.0,665.0,2024
32.0,1.0,6.0,375.0,65.0,2024
33.0,1.0,1.0,38278.0,4396.0,2024
33.0,1.0,5.0,331.0,23.0,2024
34.0,1.0,1.0,175808.0,25183.0,2024
34.0,1.0,2.0,18252.0,2760.0,2024
34.0,1.0,3.0,2010.0,216.0,2024
34.0,1.0,4.0,7863.0,750.0,2024
34.0,1.0,5.0,16425.0,2103.0,2024
35.0,1.0,1.0,22188.0,3437.0,2024
35.0,1.0,2.0,641.0,67.0,2024
35.0,1.0,3.0,185.0,12.0,2024
35.0,1.0,4.0,237.0,31.0,2024
35.0,1.0,5.0,10696.0,1098.0,2024
36.0,1.0,0.0,5982.0,352.0,2024
36.0,1.0,1.0,274859.0,42944.0,2024
36.0,1.0,2.0,43974.0,4990.0,2024
36.0,1.0,3.0,5754.0,548.0,2024
36.0,1.0,4.0,16545.0,1981.0,2024
36.0,1.0,5.0,31721.0,3511.0,2024
36.0,1.0,6.0,521.0,92.0,2024
37.0,1.0,0.0,1271.0,103.0,2024
37.0,1.0,1.0,154136.0,22604.0,2024
37.0,1.0,2.0,38232.0,4411.0,2024
37.0,1.0,3.0,1349.0,175.0,2024
37.0,1.0,4.0,1659.0,188.0,2024
37.0,1.0,5.0,2980.0,296.0,2024
37.0,1.0,6.0,1190.0,132.0,2024
38.0,1.0,1.0,16904.0,2190.0,2024
39.0,1.0,1.0,207688.0,32625.0,2024
39.0,1.0,3.0,1037.0,122.0,2024
39.0,1.0,4.0,1593.0,180.0,2024
39.0,1.0,5.0,2216.0,277.0,2024
40.0,1.0,1.0,80639.0,10425.0,2024
40.0,1.0,2.0,4901.0,865.0,2024
40.0,1.0,4.0,609.0,68.0,2024
40.0,1.0,5.0,1641.0,239.0,2024
40.0,1.0,6.0,7386.0,1182.0,2024
41.0,1.0,0.0,561.0,28.0,2024
41.0,1.0,1.0,56497.0,5486.0,2024
41.0,1.0,2.0,823.0,79.0,2024
41.0,1.0,3.0,425.0,47.0,2024
41.0,1.0,4.0,1229.0,119.0,2024
41.0,1.0,5.0,2043.0,172.0,2024
41.0,1.0,6.0,724.0,64.0,2024
42.0,1.0,1.0,223400.0,32543.0,2024
42.0,1.0,2.0,18900.0,2321.0,2024
42.0,1.0,3.0,1227.0,126.0,2024
42.0,1.0,4.0,3594.0,401.0,2024
42.0,1.0,5.0,5736.0,667.0,2024
44.0,1.0,0.0,233.0,20.0,2024
44.0,1.0,1.0,17163.0,2568.0,2024
44.0,1.0,3.0,131.0,22.0,2024
44.0,1.0,4.0,179.0,19.0,2024
44.0,1.0,5.0,772.0,62.0,2024
45.0,1.0,1.0,101719.0,12149.0,2024
45.0,1.0,3.0,444.0,38.0,2024
45.0,1.0,4.0,462.0,45.0,2024
45.0,1.0,5.0,1043.0,136.0,2024
46.0,1.0,1.0,17031.0,3186.0,2024
47.0,1.0,1.0,129589.0,21197.0,2024
47.0,1.0,3.0,406.0,40.0,2024
47.0,1.0,4.0,661.0,88.0,2024
47.0,1.0,5.0,1021.0,142.0,2024
48.0,1.0,0.0,2669.0,173.0,2024
48.0,1.0,1.0,392562.0,47120.0,2024
48.0,1.0,2.0,45956.0,5837.0,2024
48.0,1.0,3.0,2109.0,196.0,2024
48.0,1.0,4.0,10626.0,782.0,2024
48.0,1.0,5.0,79858.0,12976.0,2024
48.0,1.0,6.0,902.0,99.0,2024
49.0,1.0,1.0,34813.0,4453.0,2024
49.0,1.0,3.0,193.0,21.0,2024
49.0,1.0,4.0,505.0,36.0,2024
49.0,1.0,5.0,1568.0,180.0,2024
50.0,1.0,1.0,18741.0,2054.0,2024
51.0,1.0,1.0,151978.0,18443.0,2024
51.0,1.0,2.0,29378.0,3644.0,2024
51.0,1.0,3.0,1406.0,145.0,2024
51.0,1.0,4.0,5415.0,469.0,2024
51.0,1.0,5.0,3258.0,364.0,2024
53.0,1.0,0.0,1314.0,117.0,2024
53.0,1.0,1.0,114960.0,11145.0,2024
53.0,1.0,2.0,2750.0,314.0,2024
53.0,1.0,3.0,1227.0,155.0,2024
53.0,1.0,4.0,5173.0,639.0,2024
53.0,1.0,5.0,4229.0,422.0,2024
53.0,1.0,6.0,1269.0,211.0,2024
54.0,1.0,1.0,43314.0,5612.0,2024
54.0,1.0,2.0,1230.0,159.0,2024
54.0,1.0,5.0,227.0,28.0,2024
55.0,1.0,0.0,1052.0,53.0,2024
55.0,1.0,1.0,95263.0,12482.0,2024
55.0,1.0,2.0,4283.0,492.0,2024
55.0,1.0,3.0,385.0,52.0,2024
55.0,1.0,4.0,950.0,113.0,2024
55.0,1.0,5.0,1956.0,224.0,2024
55.0,1.0,6.0,823.0,109.0,2024
56.0,1.0,1.0,13871.0,1519.0,2024
72.0,1.0,1.0,197.0,13.0,2024
72.0,1.0,5.0,14850.0,1620.0,2024
1.0,2.0,1.0,70398.0,6760.0,2024
1.0,2.0,2.0,34416.0,3185.0,2024
1.0,2.0,3.0,273.0,25.0,2024
1.0,2.0,4.0,369.0,18.0,2024
1.0,2.0,5.0,558.0,32.0,2024
2.0,2.0,1.0,405.0,61.0,2024
4.0,2.0,0.0,575.0,32.0,2024
4.0,2.0,1.0,86076.0,11536.0,2024
4.0,2.0,2.0,5666.0,430.0,2024
4.0,2.0,3.0,731.0,54.0,2024
4.0,2.0,4.0,1852.0,170.0,2024
4.0,2.0,5.0,22508.0,2575.0,2024
4.0,2.0,6.0,727.0,78.0,2024
5.0,2.0,1.0,29141.0,2870.0,2024
5.0,2.0,2.0,7831.0,713.0,2024
5.0,2.0,4.0,159.0,13.0,2024
5.0,2.0,5.0,739.0,47.0,2024
5.0,2.0,6.0,207.0,15.0,2024
6.0,2.0,0.0,2188.0,125.0,2024
6.0,2.0,1.0,307910.0,32278.0,2024
6.0,2.0,2.0,38733.0,4792.0,2024
6.0,2.0,3.0,8874.0,676.0,2024
6.0,2.0,4.0,61951.0,4710.0,2024
6.0,2.0,5.0,125702.0,10603.0,2024
6.0,2.0,6.0,1151.0,121.0,2024
8.0,2.0,0.0,542.0,31.0,2024
8.0,2.0,1.0,60531.0,7965.0,2024
8.0,2.0,2.0,3261.0,305.0,2024
8.0,2.0,3.0,438.0,34.0,2024
8.0,2.0,4.0,1294.0,99.0,2024
8.0,2.0,5.0,10869.0,885.0,2024
8.0,2.0,6.0,171.0,11.0,2024
9.0,2.0,0.0,755.0,29.0,2024
9.0,2.0,1.0,43784.0,5552.0,2024
9.0,2.0,3.0,430.0,43.0,2024
9.0,2.0,4.0,624.0,64.0,2024
9.0,2.0,5.0,5501.0,389.0,2024
10.0,2.0,1.0,4775.0,656.0,2024
10.0,2.0,5.0,304.0,26.0,2024
11.0,2.0,1.0,546.0,60.0,2024
11.0,2.0,2.0,3995.0,449.0,2024
11.0,2.0,5.0,166.0,12.0,2024
12.0,2.0,0.0,3524.0,189.0,2024
12.0,2.0,1.0,291763.0,25136.0,2024
12.0,2.0,2.0,67331.0,4907.0,2024
12.0,2.0,3.0,3842.0,229.0,2024
12.0,2.0,4.0,6285.0,361.0,2024
12.0,2.0,5.0,161338.0,8101.0,2024
12.0,2.0,6.0,352.0,18.0,2024
13.0,2.0,1.0,95926.0,9191.0,2024
13.0,2.0,2.0,58290.0,4603.0,2024
13.0,2.0,3.0,679.0,78.0,2024
13.0,2.0,4.0,3542.0,110.0,2024
13.0,2.0,5.0,3269.0,246.0,2024
15.0,2.0,1.0,6533.0,595.0,2024
15.0,2.0,3.0,3124.0,250.0,2024
15.0,2.0,4.0,17369.0,1698.0,2024
15.0,2.0,5.0,2332.0,141.0,2024
16.0,2.0,1.0,21720.0,2308.0,2024
16.0,2.0,4.0,174.0,24.0,2024
16.0,2.0,5.0,892.0,70.0,2024
17.0,2.0,1.0,89436.0,11025.0,2024
17.0,2.0,2.0,33105.0,3242.0,2024
17.0,2.0,3.0,1089.0,85.0,2024
17.0,2.0,4.0,3039.0,246.0,2024
17.0,2.0,5.0,14452.0,1060.0,2024
18.0,2.0,1.0,76468.0,9305.0,2024
18.0,2.0,3.0,343.0,31.0,2024
18.0,2.0,4.0,487.0,43.0,2024
18.0,2.0,5.0,2326.0,210.0,2024
19.0,2.0,1.0,27885.0,3099.0,2024
19.0,2.0,2.0,1146.0,93.0,2024
19.0,2.0,3.0,108.0,8.0,2024
19.0,2.0,4.0,337.0,26.0,2024
19.0,2.0,5.0,518.0,37.0,2024
20.0,2.0,0.0,100.0,12.0,2024
20.0,2.0,1.0,20205.0,2896.0,2024
20.0,2.0,2.0,2735.0,260.0,2024
20.0,2.0,3.0,109.0,14.0,2024
20.0,2.0,4.0,381.0,16.0,2024
20.0,2.0,5.0,1047.0,103.0,2024
20.0,2.0,6.0,168.0,16.0,2024
21.0,2.0,0.0,314.0,20.0,2024
21.0,2.0,1.0,59347.0,7066.0,2024
21.0,2.0,3.0,175.0,10.0,2024
21.0,2.0,4.0,240.0,18.0,2024
21.0,2.0,5.0,498.0,41.0,2024
22.0,2.0,1.0,53411.0,6135.0,2024
22.0,2.0,3.0,288.0,35.0,2024
22.0,2.0,4.0,623.0,38.0,2024
22.0,2.0,5.0,2251.0,230.0,2024
23.0,2.0,0.0,254.0,11.0,2024
23.0,2.0,1.0,20840.0,1833.0,2024
24.0,2.0,0.0,222.0,18.0,2024
24.0,2.0,1.0,16662.0,2653.0,2024
24.0,2.0,3.0,254.0,31.0,2024
24.0,2.0,4.0,909.0,119.0,2024
24.0,2.0,5.0,960.0,96.0,2024
25.0,2.0,1.0,60598.0,7328.0,2024
25.0,2.0,3.0,1039.0,107.0,2024
25.0,2.0,4.0,4416.0,353.0,2024
25.0,2.0,5.0,10034.0,740.0,2024
26.0,2.0,0.0,1519.0,85.0,2024
26.0,2.0,1.0,175705.0,18999.0,2024
26.0,2.0,2.0,29371.0,3667.0,2024
26.0,2.0,3.0,1039.0,101.0,2024
26.0,2.0,4.0,1348.0,105.0,2024
26.0,2.0,5.0,3443.0,300.0,2024
26.0,2.0,6.0,360.0,38.0,2024
27.0,2.0,0.0,780.0,66.0,2024
27.0,2.0,1.0,87057.0,10929.0,2024
27.0,2.0,2.0,2734.0,233.0,2024
27.0,2.0,3.0,514.0,51.0,2024
27.0,2.0,4.0,2045.0,169.0,2024
27.0,2.0,5.0,1080.0,87.0,2024
27.0,2.0,6.0,473.0,74.0,2024
28.0,2.0,1.0,16984.0,1823.0,2024
28.0,2.0,2.0,15767.0,1622.0,2024
28.0,2.0,5.0,241.0,24.0,2024
29.0,2.0,0.0,434.0,29.0,2024
29.0,2.0,1.0,82129.0,9044.0,2024
29.0,2.0,2.0,14085.0,1349.0,2024
29.0,2.0,3.0,309.0,24.0,2024
29.0,2.0,4.0,546.0,38.0,2024
29.0,2.0,5.0,1405.0,112.0,2024
29.0,2.0,6.0,191.0,15.0,2024
30.0,2.0,1.0,8403.0,828.0,2024
30.0,2.0,5.0,145.0,12.0,2024
30.0,2.0,6.0,188.0,20.0,2024
31.0,2.0,1.0,14676.0,1573.0,2024
31.0,2.0,2.0,1078.0,118.0,2024
31.0,2.0,5.0,516.0,46.0,2024
32.0,2.0,0.0,227.0,13.0,2024
32.0,2.0,1.0,26886.0,3117.0,2024
32.0,2.0,2.0,4215.0,361.0,2024
32.0,2.0,3.0,610.0,59.0,2024
32.0,2.0,4.0,2236.0,223.0,2024
32.0,2.0,5.0,5115.0,396.0,2024
32.0,2.0,6.0,117.0,16.0,2024
33.0,2.0,1.0,9931.0,1532.0,2024
33.0,2.0,5.0,209.0,19.0,2024
34.0,2.0,1.0,69922.0,7694.0,2024
34.0,2.0,2.0,20079.0,1942.0,2024
34.0,2.0,3.0,1082.0,104.0,2024
34.0,2.0,4.0,3812.0,294.0,2024
34.0,2.0,5.0,23230.0,1590.0,2024
35.0,2.0,1.0,17922.0,1529.0,2024
35.0,2.0,2.0,506.0,57.0,2024
35.0,2.0,3.0,150.0,15.0,2024
35.0,2.0,4.0,236.0,17.0,2024
35.0,2.0,5.0,12984.0,884.0,2024
36.0,2.0,0.0,4030.0,235.0,2024
36.0,2.0,1.0,190443.0,19419.0,2024
36.0,2.0,2.0,55264.0,6999.0,2024
36.0,2.0,3.0,4859.0,415.0,2024
36.0,2.0,4.0,26645.0,1905.0,2024
36.0,2.0,5.0,60241.0,5203.0,2024
36.0,2.0,6.0,696.0,43.0,2024
37.0,2.0,0.0,669.0,29.0,2024
37.0,2.0,1.0,113414.0,14211.0,2024
37.0,2.0,2.0,42213.0,4146.0,2024
37.0,2.0,3.0,1079.0,83.0,2024
37.0,2.0,4.0,1004.0,86.0,2024
37.0,2.0,5.0,2632.0,221.0,2024
37.0,2.0,6.0,807.0,85.0,2024
38.0,2.0,1.0,5111.0,682.0,2024
39.0,2.0,1.0,193761.0,24191.0,2024
39.0,2.0,3.0,1005.0,117.0,2024
39.0,2.0,4.0,1934.0,184.0,2024
39.0,2.0,5.0,3710.0,243.0,2024
40.0,2.0,1.0,32229.0,3175.0,2024
40.0,2.0,2.0,3557.0,306.0,2024
40.0,2.0,4.0,331.0,34.0,2024
40.0,2.0,5.0,1015.0,54.0,2024
40.0,2.0,6.0,1991.0,238.0,2024
41.0,2.0,0.0,689.0,48.0,2024
41.0,2.0,1.0,78675.0,6920.0,2024
41.0,2.0,2.0,1701.0,137.0,2024
41.0,2.0,3.0,628.0,57.0,2024
41.0,2.0,4.0,2662.0,169.0,2024
41.0,2.0,5.0,2322.0,153.0,2024
41.0,2.0,6.0,416.0,44.0,2024
42.0,2.0,1.0,232267.0,27220.0,2024
42.0,2.0,2.0,31141.0,3366.0,2024
42.0,2.0,3.0,1212.0,114.0,2024
42.0,2.0,4.0,3151.0,287.0,2024
42.0,2.0,5.0,9408.0,736.0,2024
44.0,2.0,0.0,172.0,18.0,2024
44.0,2.0,1.0,17985.0,2272.0,2024
44.0,2.0,3.0,255.0,31.0,2024
44.0,2.0,4.0,229.0,22.0,2024
44.0,2.0,5.0,1939.0,178.0,2024
45.0,2.0,1.0,47463.0,5597.0,2024
45.0,2.0,3.0,202.0,23.0,2024
45.0,2.0,4.0,375.0,29.0,2024
45.0,2.0,5.0,1104.0,64.0,2024
46.0,2.0,1.0,7723.0,1032.0,2024
47.0,2.0,1.0,107646.0,9570.0,2024
47.0,2.0,3.0,359.0,28.0,2024
47.0,2.0,4.0,650.0,34.0,2024
47.0,2.0,5.0,1262.0,84.0,2024
48.0,2.0,0.0,1556.0,104.0,2024
48.0,2.0,1.0,223785.0,20807.0,2024
48.0,2.0,2.0,61520.0,5940.0,2024
48.0,2.0,3.0,1785.0,147.0,2024
48.0,2.0,4.0,12188.0,662.0,2024
48.0,2.0,5.0,147509.0,11937.0,2024
48.0,2.0,6.0,535.0,57.0,2024
49.0,2.0,1.0,28025.0,2917.0,2024
49.0,2.0,3.0,202.0,12.0,2024
49.0,2.0,4.0,514.0,61.0,2024
49.0,2.0,5.0,1637.0,134.0,2024
50.0,2.0,1.0,2865.0,281.0,2024
51.0,2.0,1.0,51381.0,5402.0,2024
51.0,2.0,2.0,24907.0,2416.0,2024
51.0,2.0,3.0,475.0,33.0,2024
51.0,2.0,4.0,2352.0,152.0,2024
51.0,2.0,5.0,2044.0,159.0,2024
53.0,2.0,0.0,1003.0,45.0,2024
53.0,2.0,1.0,67808.0,7417.0,2024
53.0,2.0,2.0,2836.0,282.0,2024
53.0,2.0,3.0,957.0,61.0,2024
53.0,2.0,4.0,5424.0,534.0,2024
53.0,2.0,5.0,3120.0,266.0,2024
53.0,2.0,6.0,539.0,46.0,2024
54.0,2.0,1.0,28788.0,3106.0,2024
54.0,2.0,2.0,943.0,115.0,2024
54.0,2.0,5.0,130.0,15.0,2024
55.0,2.0,0.0,705.0,57.0,2024
55.0,2.0,1.0,85830.0,10876.0,2024
55.0,2.0,2.0,7471.0,639.0,2024
55.0,2.0,3.0,370.0,35.0,2024
55.0,2.0,4.0,706.0,67.0,2024
55.0,2.0,5.0,2366.0,171.0,2024
55.0,2.0,6.0,450.0,51.0,2024
56.0,2.0,1.0,1047.0,113.0,2024
72.0,2.0,1.0,370.0,37.0,2024
72.0,2.0,5.0,162719.0,12843.0,2024
